Status of existing checking account,Duration in month,Credit history,Purpose,Credit amount,Savings account/bonds,Present employment since,Installment rate in percentage of disposable income,Personal status and sex,Other debtors / guarantors,Present residence since,Property,Age in years,Other installment plans,Housing,Number of existing credits at this bank,Job,Number of people being liable to provide maintenance for,Telephone,foreign worker,status
A11,7,A34,A40,2380,A61,A73,1,A93,A101,2,A121,25,A143,A152,1,A172,2,A191,A201,0
A14,44,A32,A43,10693,A61,A75,4,A93,A101,1,A123,33,A143,A152,1,A173,1,A192,A201,0
A14,21,A34,A43,1965,A65,A75,4,A93,A101,4,A123,49,A143,A152,2,A173,1,A191,A201,0
A14,11,A32,A43,849,A61,A73,4,A94,A101,2,A121,27,A143,A152,1,A173,1,A191,A201,0
A11,12,A32,A43,1321,A61,A72,4,A92,A101,1,A121,25,A143,A152,1,A173,1,A191,A201,0
A14,23,A34,A41,4471,A61,A75,4,A93,A101,4,A123,47,A143,A152,4,A173,2,A192,A201,0
A14,48,A32,A43,5865,A65,A74,4,A93,A101,4,A123,32,A143,A152,1,A173,2,A192,A201,0
A12,21,A32,A42,2535,A61,A73,2,A93,A101,1,A123,32,A143,A152,1,A173,1,A192,A201,0
A14,18,A34,A43,2158,A61,A72,4,A93,A101,1,A122,26,A143,A152,1,A173,1,A191,A201,0
A14,9,A34,A40,974,A61,A75,4,A93,A101,4,A123,44,A143,A152,2,A173,1,A191,A201,0
A14,28,A32,A43,4327,A61,A73,3,A93,A101,2,A123,30,A143,A152,1,A173,1,A191,A201,0
A14,10,A32,A43,1995,A61,A75,2,A92,A101,4,A121,58,A143,A152,2,A173,1,A192,A201,0
A14,16,A34,A41,4207,A61,A75,3,A93,A101,4,A123,25,A143,A152,2,A173,1,A192,A201,0
A11,16,A32,A43,3074,A61,A72,4,A92,A101,1,A121,23,A143,A152,1,A173,1,A191,A201,0
A14,15,A32,A42,3689,A61,A72,1,A92,A101,4,A123,26,A143,A152,2,A173,1,A191,A201,0
A11,10,A32,A43,1528,A61,A73,3,A93,A101,2,A121,31,A143,A152,1,A173,2,A191,A201,0
A11,11,A32,A43,669,A61,A72,4,A93,A101,1,A121,25,A143,A152,1,A173,1,A191,A201,0
A14,10,A32,A40,1952,A61,A75,1,A92,A101,4,A123,37,A143,A152,1,A173,1,A191,A201,0
A14,35,A32,A49,5222,A61,A73,2,A93,A101,2,A123,36,A143,A152,2,A173,1,A191,A201,0
A11,12,A32,A43,1953,A61,A72,4,A92,A101,1,A121,25,A143,A152,1,A173,1,A191,A201,0
A14,14,A32,A43,2112,A61,A73,2,A92,A101,4,A121,20,A143,A152,1,A173,1,A191,A201,0
A14,14,A34,A43,1396,A65,A75,4,A93,A101,4,A121,46,A143,A152,2,A173,1,A191,A201,0
A14,19,A34,A43,1182,A61,A74,4,A93,A101,3,A122,32,A143,A152,2,A173,1,A192,A201,0
A14,26,A32,A40,3088,A61,A73,4,A93,A101,2,A123,35,A143,A152,1,A173,2,A192,A201,0
A14,34,A32,A43,2054,A65,A75,4,A93,A101,3,A123,35,A143,A152,1,A173,2,A192,A201,0
A14,12,A32,A43,2522,A61,A75,4,A93,A101,4,A123,38,A143,A152,1,A173,1,A192,A201,0
A14,13,A34,A43,1392,A61,A73,3,A92,A101,2,A123,26,A143,A152,2,A173,1,A191,A201,0
A14,21,A34,A41,5214,A61,A75,3,A93,A101,4,A123,38,A143,A152,2,A173,2,A192,A201,0
A14,12,A32,A43,1417,A61,A75,4,A93,A101,4,A123,42,A143,A152,1,A173,1,A192,A201,0
A12,6,A32,A43,511,A61,A73,3,A94,A101,3,A121,27,A143,A152,1,A172,1,A191,A201,0
A12,19,A32,A43,5590,A61,A74,3,A93,A101,3,A123,37,A143,A152,1,A173,1,A192,A201,0
A14,15,A34,A43,4090,A61,A75,2,A93,A101,4,A124,35,A143,A152,3,A173,1,A191,A201,0
A14,14,A32,A41,3890,A61,A72,1,A92,A101,4,A123,22,A143,A151,1,A173,1,A191,A201,0
A14,12,A32,A43,1489,A61,A73,3,A92,A101,2,A121,23,A143,A152,1,A173,1,A191,A201,0
A14,15,A32,A43,2720,A61,A74,3,A92,A101,4,A121,34,A143,A152,1,A173,1,A191,A201,0
A14,9,A34,A43,1011,A61,A75,4,A93,A101,4,A122,59,A143,A152,2,A173,1,A191,A201,0
A14,34,A32,A40,3620,A61,A73,2,A93,A101,2,A121,23,A143,A152,1,A173,1,A191,A201,0
A14,21,A32,A42,2270,A61,A74,2,A93,A101,1,A123,27,A143,A152,1,A173,1,A191,A201,0
A14,12,A32,A43,1251,A61,A75,3,A93,A101,4,A121,25,A143,A152,1,A173,1,A191,A201,0
A14,12,A32,A42,2307,A61,A73,1,A92,A101,1,A121,50,A143,A152,1,A173,1,A191,A201,0
A14,57,A32,A41,9599,A65,A75,2,A92,A101,4,A124,23,A143,A151,1,A173,1,A192,A201,0
A14,16,A32,A43,2053,A61,A75,3,A93,A101,4,A121,38,A143,A152,1,A173,1,A192,A201,0
A14,21,A34,A43,958,A61,A73,4,A93,A101,2,A123,25,A143,A152,2,A173,1,A191,A201,0
A14,9,A34,A40,2396,A61,A73,2,A93,A101,2,A121,37,A143,A152,1,A173,2,A191,A201,0
A14,9,A32,A43,1362,A61,A73,4,A93,A101,2,A121,26,A143,A152,1,A173,1,A191,A201,0
A14,36,A32,A43,2809,A61,A75,4,A93,A101,3,A123,28,A143,A152,1,A173,1,A191,A201,0
A14,24,A32,A43,1368,A61,A75,3,A93,A101,3,A121,56,A143,A152,1,A173,1,A191,A201,0
A11,35,A32,A43,5813,A61,A72,4,A93,A101,1,A123,24,A143,A152,1,A173,1,A191,A201,0
A14,24,A32,A43,1696,A61,A72,4,A93,A101,1,A121,25,A143,A152,1,A173,1,A191,A201,0
A11,6,A32,A40,1637,A61,A75,2,A93,A101,4,A121,42,A143,A152,1,A172,2,A192,A201,0
A12,18,A32,A40,1834,A61,A75,4,A93,A101,4,A121,27,A143,A152,1,A174,2,A192,A201,0
A14,13,A32,A43,915,A61,A75,4,A93,A101,4,A123,38,A143,A152,1,A173,1,A191,A201,0
A14,24,A32,A42,1773,A61,A73,2,A93,A101,2,A121,27,A143,A152,1,A173,1,A191,A201,0
A14,17,A32,A42,2116,A61,A75,3,A93,A101,4,A121,54,A143,A152,1,A173,1,A192,A201,0
A14,33,A34,A41,7141,A61,A75,3,A93,A101,4,A123,34,A143,A152,2,A173,2,A192,A201,0
A14,28,A32,A41,7452,A65,A71,2,A93,A101,4,A124,73,A143,A152,2,A173,1,A192,A201,0
A11,8,A32,A43,1590,A61,A72,4,A92,A101,1,A121,31,A143,A152,1,A173,1,A191,A201,0
A14,17,A32,A42,2638,A61,A72,1,A92,A101,4,A123,22,A143,A151,1,A173,1,A191,A201,0
A14,36,A34,A43,4688,A61,A75,4,A93,A101,4,A123,33,A143,A152,2,A173,1,A191,A201,0
A14,6,A32,A40,1821,A61,A73,2,A93,A101,2,A121,33,A143,A152,1,A172,2,A191,A201,0
A14,11,A32,A42,1760,A61,A73,2,A93,A101,2,A121,26,A143,A152,1,A173,1,A191,A201,0
A14,24,A34,A43,4490,A61,A73,2,A93,A101,2,A123,28,A143,A152,2,A173,1,A191,A201,0
A14,27,A33,A42,6097,A61,A74,2,A93,A101,3,A123,34,A143,A152,2,A173,1,A191,A201,0
A14,17,A34,A43,1196,A61,A74,4,A93,A101,3,A122,44,A143,A152,2,A173,1,A191,A201,0
A14,13,A32,A43,1922,A61,A74,3,A93,A101,2,A123,44,A143,A152,1,A173,2,A192,A201,0
A14,17,A34,A43,1982,A61,A75,4,A93,A101,4,A121,19,A143,A152,2,A173,1,A191,A201,0
A14,13,A32,A40,1861,A61,A73,2,A93,A101,2,A123,39,A143,A152,1,A173,1,A191,A201,0
A14,12,A32,A42,1872,A61,A73,2,A93,A101,2,A123,41,A143,A152,1,A173,1,A191,A201,0
A14,24,A32,A42,3553,A61,A73,1,A93,A101,2,A123,31,A143,A152,1,A173,1,A191,A201,0
A14,7,A32,A43,2486,A61,A73,2,A93,A101,2,A121,36,A143,A152,1,A173,1,A191,A201,0
A14,21,A32,A43,1451,A61,A73,4,A93,A101,2,A121,29,A143,A152,1,A173,1,A191,A201,0
A12,6,A32,A43,621,A61,A73,3,A94,A101,3,A121,25,A143,A152,1,A173,1,A191,A201,0
A14,12,A32,A43,5394,A61,A75,2,A92,A101,4,A121,49,A143,A152,1,A173,1,A192,A201,0
A14,6,A32,A40,1071,A61,A75,4,A93,A101,4,A123,27,A143,A152,1,A173,2,A192,A201,0
A14,19,A32,A43,2251,A61,A73,3,A93,A101,2,A123,23,A143,A152,1,A173,1,A191,A201,0
A14,34,A32,A40,9554,A61,A74,1,A93,A101,3,A122,32,A143,A152,2,A172,2,A191,A201,0
A14,22,A32,A42,2697,A61,A75,3,A93,A101,4,A121,53,A143,A152,1,A173,1,A192,A201,0
A14,20,A32,A40,1760,A61,A75,4,A93,A101,4,A121,61,A143,A152,1,A173,1,A192,A201,0
A14,10,A32,A42,4065,A61,A75,2,A93,A101,4,A122,50,A143,A152,1,A173,1,A191,A201,0
A14,29,A34,A43,4442,A65,A73,3,A93,A101,2,A121,32,A143,A152,1,A172,2,A191,A201,0
A14,34,A32,A41,8641,A65,A71,2,A93,A101,4,A124,71,A143,A152,2,A174,1,A192,A201,0
A12,29,A32,A43,3806,A61,A73,2,A93,A101,1,A123,22,A143,A152,1,A173,1,A191,A201,0
A14,24,A34,A41,5046,A65,A75,3,A93,A101,4,A123,44,A143,A152,1,A173,2,A192,A201,0
A14,14,A32,A40,2602,A61,A74,2,A93,A101,2,A123,36,A143,A152,1,A173,1,A191,A201,0
A14,14,A32,A43,2620,A61,A73,3,A93,A101,2,A121,25,A143,A152,1,A173,1,A191,A201,0
A14,24,A32,A43,1361,A61,A73,4,A93,A101,2,A123,30,A143,A152,1,A173,1,A191,A201,0
A14,9,A34,A43,1944,A61,A75,4,A93,A101,4,A123,46,A143,A152,3,A173,1,A191,A201,0
A14,36,A34,A43,8494,A61,A73,2,A93,A101,2,A123,33,A143,A152,2,A173,1,A192,A201,0
A11,12,A32,A43,1997,A61,A72,4,A92,A101,1,A121,27,A143,A152,1,A173,1,A191,A201,0
A14,33,A32,A43,5692,A61,A73,4,A93,A101,4,A123,30,A143,A152,2,A173,1,A192,A201,0
A12,12,A32,A42,2522,A61,A74,3,A93,A101,3,A123,35,A143,A152,1,A173,1,A192,A201,0
A11,9,A32,A40,949,A61,A75,2,A93,A101,3,A121,39,A143,A152,1,A172,2,A192,A201,0
A11,10,A32,A42,1718,A61,A72,1,A92,A101,4,A123,20,A143,A152,1,A173,1,A191,A201,0
A14,17,A32,A43,2129,A61,A74,4,A93,A101,3,A123,30,A143,A152,1,A173,2,A192,A201,0
A11,15,A32,A43,1459,A61,A72,4,A92,A101,1,A121,23,A143,A152,1,A173,1,A191,A201,0
A14,17,A32,A41,3152,A65,A75,2,A93,A101,4,A123,37,A143,A152,1,A173,1,A192,A201,0
A14,11,A32,A43,2030,A61,A73,2,A93,A101,2,A123,29,A143,A152,1,A173,1,A191,A201,0
A14,16,A34,A43,1878,A61,A75,4,A93,A101,4,A122,61,A143,A152,2,A173,1,A192,A201,0
A14,32,A32,A42,3060,A61,A73,2,A93,A101,2,A123,26,A143,A152,2,A173,1,A191,A201,0
A14,9,A32,A40,1229,A61,A75,4,A93,A101,4,A123,25,A143,A152,1,A173,1,A191,A201,0
A14,9,A32,A43,848,A61,A73,3,A94,A101,2,A121,26,A143,A152,1,A173,1,A191,A201,0
A14,18,A32,A43,2790,A61,A73,4,A92,A101,2,A121,27,A143,A152,1,A173,1,A191,A201,0
A14,10,A32,A42,1538,A61,A72,1,A92,A101,4,A123,23,A143,A151,1,A173,1,A191,A201,0
A14,21,A34,A41,3992,A61,A75,4,A93,A101,4,A123,48,A143,A152,3,A173,2,A192,A201,0
A14,19,A32,A42,3325,A61,A72,1,A92,A101,4,A123,25,A143,A151,1,A173,1,A191,A201,0
A14,10,A32,A43,1502,A61,A73,4,A93,A101,2,A121,42,A143,A152,1,A173,1,A191,A201,0
A14,16,A32,A42,1976,A61,A75,3,A93,A101,4,A121,54,A143,A152,1,A173,1,A191,A201,0
A14,10,A32,A42,2934,A61,A74,2,A93,A101,3,A123,34,A143,A152,1,A173,1,A191,A201,0
A14,17,A32,A43,4857,A61,A75,3,A93,A101,2,A123,31,A143,A152,1,A173,1,A191,A201,0
A14,22,A32,A43,2741,A61,A73,3,A92,A101,2,A121,25,A143,A152,1,A173,1,A191,A201,0
A14,11,A34,A40,921,A61,A74,4,A93,A101,3,A122,37,A143,A152,2,A173,1,A192,A201,0
A14,18,A34,A43,1075,A61,A74,4,A93,A101,3,A122,39,A143,A152,2,A173,1,A191,A201,0
A11,11,A32,A43,1830,A61,A72,4,A92,A101,1,A121,21,A143,A152,1,A173,1,A191,A201,0
A14,29,A34,A43,3634,A61,A75,4,A93,A101,4,A123,57,A143,A152,2,A173,1,A192,A201,0
A14,35,A34,A43,10723,A61,A74,4,A93,A101,2,A123,29,A143,A152,1,A173,1,A191,A201,0
A14,46,A32,A43,3683,A61,A75,4,A93,A101,1,A123,45,A143,A152,1,A173,1,A192,A201,0
A14,20,A32,A42,2948,A61,A73,2,A93,A101,3,A123,30,A143,A152,2,A173,1,A191,A201,0
A14,18,A32,A42,3641,A61,A72,1,A92,A101,4,A123,22,A143,A151,1,A173,1,A191,A201,0
A14,22,A34,A40,6765,A61,A73,1,A93,A101,2,A121,35,A143,A152,2,A172,2,A191,A201,0
A12,22,A34,A41,6943,A61,A73,2,A93,A101,3,A123,30,A143,A152,2,A173,1,A191,A201,0
A14,26,A32,A42,8192,A61,A73,2,A93,A101,3,A123,28,A143,A152,2,A173,1,A191,A201,0
A14,12,A34,A43,1477,A61,A75,4,A93,A101,4,A121,53,A143,A152,3,A173,1,A191,A201,0
A12,12,A34,A43,1011,A65,A75,4,A93,A101,4,A121,23,A143,A152,2,A173,1,A191,A201,0
A14,7,A32,A43,1979,A61,A73,4,A93,A101,3,A122,32,A143,A152,1,A173,1,A191,A201,0
A14,15,A32,A43,1799,A61,A75,4,A93,A101,4,A123,42,A143,A152,1,A173,1,A191,A201,0
A14,11,A34,A43,1464,A61,A75,4,A93,A101,4,A123,42,A143,A152,2,A173,1,A191,A201,0
A12,45,A32,A43,4760,A61,A73,1,A92,A101,1,A121,33,A143,A152,1,A173,1,A191,A201,0
A14,6,A34,A40,659,A61,A75,3,A93,A101,4,A123,41,A143,A152,1,A173,2,A192,A201,0
A14,7,A34,A40,826,A61,A75,3,A92,A101,4,A121,39,A143,A152,2,A172,1,A191,A201,0
A14,11,A32,A43,1351,A61,A75,4,A93,A101,4,A123,39,A143,A152,1,A173,1,A192,A201,0
A14,11,A32,A42,1706,A61,A73,2,A93,A101,3,A123,29,A143,A152,1,A173,1,A191,A201,0
A14,26,A34,A43,2186,A61,A73,3,A92,A101,2,A123,30,A143,A152,2,A173,1,A192,A201,0
A14,28,A32,A41,4474,A65,A74,2,A92,A101,4,A123,24,A143,A151,1,A173,1,A191,A201,0
A14,21,A32,A42,1443,A61,A73,2,A93,A101,2,A121,30,A143,A152,1,A173,1,A191,A201,0
A14,10,A32,A42,2695,A65,A75,1,A93,A101,4,A122,37,A143,A152,1,A173,1,A192,A201,0
A14,12,A32,A40,1993,A61,A75,4,A93,A101,4,A124,38,A143,A152,1,A173,1,A192,A201,0
A14,23,A32,A42,4296,A61,A73,1,A93,A101,2,A123,30,A143,A152,1,A173,1,A191,A201,0
A14,14,A32,A40,1801,A61,A75,4,A93,A101,4,A123,39,A143,A152,1,A173,1,A191,A201,0
A14,24,A32,A43,1652,A61,A75,4,A93,A101,4,A121,53,A143,A152,1,A173,1,A192,A201,0
A12,14,A34,A43,1289,A65,A75,4,A93,A101,4,A123,46,A143,A152,2,A173,1,A191,A201,0
A14,25,A32,A43,2457,A61,A75,4,A93,A101,2,A123,29,A143,A152,1,A173,1,A191,A201,0
A14,18,A34,A43,1686,A61,A73,4,A93,A101,1,A121,31,A143,A152,1,A173,1,A191,A201,0
A14,15,A32,A41,5501,A65,A75,1,A92,A101,4,A123,34,A143,A151,1,A173,1,A191,A201,0
A14,9,A32,A43,2118,A61,A73,2,A93,A101,2,A121,37,A143,A152,1,A173,2,A191,A201,0
A14,31,A32,A42,8013,A61,A73,2,A93,A101,2,A123,31,A143,A152,2,A173,1,A191,A201,0
A14,18,A32,A41,5390,A65,A75,2,A92,A101,4,A123,44,A143,A152,1,A173,1,A192,A201,0
A14,19,A32,A43,1473,A61,A75,4,A93,A101,4,A121,50,A143,A152,1,A173,1,A191,A201,0
A11,14,A32,A43,2362,A61,A73,1,A93,A101,1,A121,46,A143,A152,1,A173,1,A192,A201,0
A14,20,A32,A43,1247,A61,A73,4,A94,A101,2,A121,31,A143,A152,1,A173,1,A191,A201,0
A14,11,A34,A43,3879,A61,A74,2,A93,A101,2,A123,36,A143,A152,2,A173,2,A192,A201,0
A14,14,A34,A43,2044,A61,A73,2,A92,A101,2,A123,25,A143,A152,2,A173,1,A191,A201,0
A14,17,A34,A43,1495,A61,A74,4,A93,A101,3,A122,28,A143,A152,2,A173,1,A191,A201,0
A14,19,A32,A41,4641,A65,A75,2,A92,A101,4,A122,42,A143,A152,1,A173,1,A192,A201,0
A14,26,A32,A43,3425,A61,A74,4,A93,A101,1,A123,32,A143,A152,1,A173,2,A192,A201,0
A14,33,A34,A40,2227,A61,A73,3,A93,A101,1,A121,32,A143,A152,2,A172,2,A191,A201,0
A14,12,A34,A42,2081,A61,A73,2,A92,A101,3,A122,25,A143,A152,2,A173,1,A191,A201,0
A14,18,A32,A43,1270,A61,A73,4,A94,A101,2,A121,25,A143,A152,1,A173,1,A191,A201,0
A14,7,A32,A43,2791,A61,A75,2,A93,A101,4,A121,57,A143,A152,1,A173,1,A192,A201,0
A14,12,A32,A43,2093,A61,A72,3,A93,A101,1,A121,34,A143,A152,1,A173,1,A191,A201,0
A14,8,A34,A43,1118,A61,A75,2,A92,A101,4,A121,37,A143,A152,3,A172,1,A192,A201,0
A14,10,A34,A43,471,A61,A74,3,A92,A101,3,A121,41,A143,A152,2,A173,1,A191,A201,0
A14,24,A32,A43,1584,A61,A75,4,A93,A101,2,A123,42,A143,A152,1,A173,1,A192,A201,0
A14,9,A34,A43,1153,A61,A75,4,A93,A101,4,A123,47,A143,A152,3,A173,1,A191,A201,0
A11,14,A32,A43,1458,A61,A72,4,A92,A101,1,A121,22,A143,A152,1,A173,1,A191,A201,0
A14,13,A32,A43,1365,A61,A73,3,A93,A101,2,A121,33,A143,A152,1,A173,1,A191,A201,0
A14,22,A32,A43,3275,A61,A75,4,A93,A101,4,A121,48,A143,A152,1,A173,1,A192,A201,0
A14,24,A34,A42,3974,A61,A73,2,A93,A101,3,A123,34,A143,A152,2,A173,1,A191,A201,0
A14,6,A34,A42,1027,A61,A75,1,A92,A101,4,A122,40,A143,A152,2,A173,1,A191,A201,0
A14,40,A32,A43,7525,A61,A75,4,A93,A101,2,A123,33,A143,A152,1,A173,1,A192,A201,0
A14,16,A32,A43,2655,A61,A75,4,A93,A101,4,A123,41,A143,A152,1,A173,2,A192,A201,0
A12,9,A32,A42,2252,A61,A74,3,A93,A101,3,A123,33,A143,A152,1,A173,1,A192,A201,0
A14,24,A32,A43,3021,A61,A73,3,A93,A101,2,A123,28,A143,A152,1,A173,1,A191,A201,0
A14,22,A34,A43,1406,A61,A74,4,A93,A101,3,A122,38,A143,A152,2,A173,1,A191,A201,0
A14,22,A32,A43,2252,A61,A73,4,A93,A101,2,A121,30,A143,A152,1,A173,1,A191,A201,0
A14,27,A32,A43,4605,A61,A73,3,A93,A101,2,A123,32,A143,A152,1,A173,1,A191,A201,0
A12,10,A32,A42,1839,A61,A74,3,A93,A101,3,A123,33,A143,A152,1,A173,1,A192,A201,0
A14,14,A32,A43,1036,A61,A73,4,A94,A101,2,A121,26,A143,A152,1,A173,1,A191,A201,0
A14,6,A32,A43,2414,A61,A73,2,A93,A101,2,A121,37,A143,A152,1,A173,1,A192,A201,0
A14,15,A32,A42,2568,A61,A72,1,A92,A101,4,A123,30,A143,A151,1,A173,1,A191,A201,0
A14,19,A34,A43,1670,A61,A73,4,A93,A101,2,A123,31,A143,A152,2,A173,1,A191,A201,0
A14,12,A32,A43,7704,A61,A71,2,A93,A101,4,A121,65,A143,A152,1,A173,1,A191,A201,0
A12,40,A32,A41,7736,A61,A73,2,A93,A101,2,A123,23,A143,A152,1,A173,1,A191,A201,0
A14,21,A34,A43,1167,A61,A75,4,A93,A101,4,A123,60,A143,A152,2,A173,1,A191,A201,0
A14,21,A34,A43,2058,A61,A74,4,A93,A101,3,A121,42,A143,A152,2,A173,1,A191,A201,0
A14,29,A34,A43,3583,A61,A75,4,A93,A101,4,A122,49,A143,A152,2,A173,1,A192,A201,0
A14,21,A32,A41,5041,A61,A72,1,A93,A101,3,A123,26,A143,A152,1,A173,1,A191,A201,0
A14,36,A32,A43,2198,A61,A73,4,A93,A101,4,A123,26,A143,A152,1,A173,1,A192,A201,0
A14,31,A34,A41,4542,A65,A75,3,A93,A101,2,A123,31,A143,A152,1,A173,2,A192,A201,0
A14,21,A34,A43,2185,A61,A75,4,A93,A101,4,A122,46,A143,A152,2,A173,1,A192,A201,0
A14,19,A34,A40,1234,A61,A74,4,A93,A101,3,A123,44,A143,A152,2,A173,1,A191,A201,0
A14,6,A32,A42,2163,A61,A73,1,A93,A101,2,A123,24,A143,A152,1,A173,1,A191,A201,0
A14,15,A34,A43,940,A61,A74,4,A93,A101,3,A122,48,A143,A152,2,A173,1,A192,A201,0
A14,10,A32,A42,2034,A61,A73,1,A92,A101,2,A121,49,A143,A152,1,A173,1,A191,A201,0
A12,12,A32,A43,2710,A61,A73,2,A93,A101,1,A121,36,A143,A152,1,A173,1,A191,A201,0
A14,22,A32,A41,1521,A65,A75,4,A93,A101,3,A123,33,A143,A152,1,A173,2,A192,A201,0
A14,24,A34,A43,2144,A61,A73,3,A93,A101,2,A123,33,A143,A152,2,A173,1,A191,A201,0
A14,29,A32,A43,1821,A61,A75,4,A93,A101,4,A121,58,A143,A152,1,A173,1,A192,A201,0
A14,10,A34,A43,1138,A61,A75,4,A93,A101,4,A121,56,A143,A152,3,A173,1,A191,A201,0
A14,23,A34,A43,1392,A61,A72,4,A93,A101,1,A122,26,A143,A152,2,A173,1,A192,A201,0
A14,18,A32,A43,1269,A61,A75,4,A93,A101,4,A121,59,A143,A152,1,A173,1,A192,A201,0
A14,16,A32,A41,3087,A61,A73,1,A92,A101,3,A123,21,A143,A151,1,A173,1,A191,A201,0
A14,19,A32,A42,3326,A61,A73,2,A93,A101,3,A123,29,A143,A152,2,A173,1,A191,A201,0
A14,18,A32,A42,2448,A61,A73,2,A93,A101,2,A121,25,A143,A152,1,A173,1,A191,A201,0
A14,12,A34,A42,990,A61,A73,1,A92,A101,2,A122,38,A143,A152,1,A172,1,A191,A201,0
A14,11,A32,A42,1787,A61,A73,2,A93,A101,2,A121,26,A143,A152,1,A173,1,A191,A201,0
A14,15,A34,A43,1538,A65,A75,4,A93,A101,4,A123,49,A143,A152,2,A173,1,A191,A201,0
A11,6,A34,A40,3754,A61,A73,1,A93,A101,3,A121,37,A143,A152,3,A173,2,A191,A201,0
A14,19,A32,A43,3054,A61,A73,4,A93,A101,3,A122,39,A143,A152,1,A173,1,A191,A201,0
A11,29,A32,A43,3330,A61,A73,2,A93,A101,4,A121,40,A143,A152,1,A172,2,A192,A201,0
A14,27,A34,A43,2774,A61,A75,4,A93,A101,4,A123,59,A143,A152,2,A173,1,A192,A201,0
A14,15,A32,A43,2413,A65,A75,1,A93,A101,4,A121,34,A143,A152,1,A173,1,A192,A201,0
A14,12,A32,A43,832,A61,A75,4,A93,A101,4,A121,38,A143,A152,1,A173,1,A192,A201,0
A11,16,A32,A42,3599,A61,A75,1,A92,A101,4,A122,26,A143,A152,1,A173,1,A191,A201,0
A11,24,A32,A43,1298,A61,A72,4,A93,A101,1,A121,25,A143,A152,1,A173,1,A191,A201,0
A14,14,A32,A40,1936,A61,A75,4,A93,A101,4,A123,39,A143,A152,1,A173,1,A192,A201,0
A14,19,A34,A41,5429,A61,A75,3,A93,A101,4,A123,30,A143,A152,2,A173,1,A192,A201,0
A14,18,A34,A42,2217,A61,A73,2,A93,A101,3,A123,34,A143,A152,2,A173,1,A192,A201,0
A11,22,A32,A41,5648,A61,A75,3,A93,A101,4,A124,37,A143,A152,2,A173,2,A192,A201,0
A14,17,A32,A43,1586,A61,A74,3,A92,A101,4,A121,24,A143,A152,1,A173,1,A191,A201,0
A14,12,A34,A43,1393,A61,A75,4,A93,A101,4,A123,63,A143,A152,2,A173,1,A191,A201,0
A14,41,A32,A43,6644,A61,A75,4,A93,A101,1,A123,36,A143,A152,1,A173,1,A192,A201,0
A14,13,A32,A43,2502,A61,A73,2,A93,A101,2,A123,30,A143,A152,1,A173,1,A191,A201,0
A14,29,A34,A43,5864,A61,A73,2,A93,A101,2,A123,26,A143,A152,2,A173,1,A191,A201,0
A14,24,A33,A42,4793,A61,A74,3,A93,A101,3,A123,35,A143,A152,2,A173,1,A191,A201,0
A14,21,A32,A43,2418,A61,A75,4,A93,A101,4,A121,47,A143,A152,1,A173,1,A192,A201,0
A12,12,A32,A43,1633,A61,A72,4,A92,A101,1,A121,26,A143,A152,1,A173,1,A191,A201,0
A14,6,A32,A43,1640,A61,A73,3,A93,A101,2,A121,39,A143,A152,1,A173,1,A191,A201,0
A14,15,A34,A40,4451,A61,A75,3,A93,A101,4,A123,41,A143,A152,2,A173,2,A192,A201,0
A14,27,A32,A43,4203,A61,A75,3,A93,A101,2,A122,67,A143,A152,1,A173,1,A191,A201,0
A14,24,A34,A42,4600,A61,A74,3,A93,A101,3,A123,34,A143,A152,2,A173,1,A192,A201,0
A14,14,A34,A43,1496,A61,A75,4,A93,A101,4,A123,51,A143,A152,2,A173,1,A191,A201,0
A14,20,A32,A40,2922,A65,A75,4,A93,A101,4,A123,45,A143,A152,1,A173,2,A192,A201,0
A14,6,A32,A42,1484,A61,A73,1,A93,A101,2,A121,35,A143,A152,1,A173,1,A191,A201,0
A14,30,A34,A43,4317,A61,A73,4,A93,A101,2,A123,36,A143,A152,2,A173,1,A192,A201,0
A14,27,A34,A40,4490,A61,A75,4,A93,A101,2,A123,32,A143,A152,2,A173,2,A192,A201,0
A14,18,A32,A40,2781,A61,A73,3,A93,A101,2,A123,31,A143,A152,1,A173,2,A192,A201,0
A14,32,A33,A42,7761,A61,A74,2,A93,A101,3,A123,34,A143,A152,2,A173,1,A191,A201,0
A11,19,A32,A42,2006,A61,A72,2,A92,A101,4,A123,27,A143,A151,1,A173,1,A191,A201,0
A14,15,A32,A43,1454,A61,A73,4,A92,A101,2,A121,21,A143,A152,1,A173,1,A191,A201,0
A14,37,A32,A43,1862,A61,A73,4,A93,A101,4,A123,29,A143,A152,1,A173,1,A192,A201,0
A14,9,A32,A40,2779,A61,A73,1,A93,A101,2,A121,32,A143,A152,1,A172,2,A191,A201,0
A14,35,A34,A41,5790,A61,A75,3,A93,A101,4,A123,34,A143,A152,2,A173,1,A192,A201,0
A14,11,A34,A43,1254,A61,A75,2,A92,A101,4,A121,22,A143,A152,2,A172,1,A191,A201,0
A14,27,A32,A43,2087,A61,A73,4,A93,A101,2,A123,27,A143,A152,1,A173,1,A191,A201,0
A11,24,A32,A43,2812,A61,A73,4,A92,A101,4,A123,23,A143,A152,1,A173,1,A191,A201,0
A14,9,A34,A43,941,A61,A73,4,A93,A101,2,A122,45,A143,A152,2,A173,1,A191,A201,0
A14,20,A32,A43,1681,A61,A75,4,A93,A101,2,A123,40,A143,A152,1,A173,1,A192,A201,0
A11,6,A34,A40,4429,A61,A73,1,A93,A101,3,A121,42,A143,A152,2,A173,2,A191,A201,0
A14,11,A34,A42,2364,A61,A73,1,A92,A101,3,A122,24,A143,A152,2,A173,1,A191,A201,0
A14,17,A32,A40,2027,A61,A75,4,A93,A101,4,A121,62,A143,A152,1,A173,1,A191,A201,0
A14,24,A32,A43,3231,A61,A72,4,A93,A101,2,A123,27,A143,A152,1,A173,1,A191,A201,0
A14,12,A32,A43,2929,A61,A74,2,A93,A101,1,A123,27,A143,A152,1,A173,1,A191,A201,0
A14,11,A34,A41,1595,A61,A75,3,A93,A101,4,A124,34,A143,A152,2,A173,2,A192,A201,0
A14,9,A32,A43,1297,A61,A73,4,A93,A101,2,A121,23,A143,A152,1,A173,1,A191,A201,0
A14,17,A34,A43,1258,A61,A74,4,A93,A101,3,A121,41,A143,A152,2,A173,1,A191,A201,0
A14,24,A34,A43,2528,A61,A74,4,A93,A101,3,A121,49,A143,A152,2,A173,1,A191,A201,0
A11,16,A32,A43,2586,A61,A72,4,A92,A101,1,A121,26,A143,A152,1,A173,1,A191,A201,0
A14,26,A32,A43,1422,A61,A75,4,A93,A101,2,A123,30,A143,A152,1,A173,1,A191,A201,0
A14,35,A32,A43,3303,A65,A75,4,A93,A101,2,A123,51,A143,A152,1,A173,1,A192,A201,0
A14,21,A32,A41,4065,A65,A75,2,A92,A101,3,A123,35,A143,A152,1,A173,1,A192,A201,0
A12,16,A32,A42,3239,A61,A74,2,A93,A101,3,A123,35,A143,A152,1,A173,1,A192,A201,0
A14,6,A32,A40,1599,A61,A73,3,A93,A101,2,A121,50,A143,A152,1,A172,2,A191,A201,0
A11,16,A32,A43,1391,A61,A72,4,A93,A101,1,A121,29,A143,A152,1,A173,1,A191,A201,0
A14,24,A34,A43,3385,A61,A73,4,A93,A101,2,A123,33,A143,A152,2,A173,1,A191,A201,0
A11,12,A32,A43,1519,A61,A73,4,A93,A101,4,A122,25,A143,A152,1,A173,1,A191,A201,0
A11,19,A32,A42,3218,A61,A72,1,A92,A101,4,A123,26,A143,A151,1,A173,1,A191,A201,0
A14,15,A34,A43,1439,A61,A74,2,A92,A101,3,A121,37,A143,A152,2,A173,1,A191,A201,0
A14,17,A32,A40,2216,A61,A73,4,A93,A101,3,A123,30,A143,A152,1,A173,2,A192,A201,0
A14,5,A34,A40,1094,A61,A73,1,A93,A101,2,A121,27,A143,A152,1,A172,2,A191,A201,0
A14,10,A34,A40,935,A61,A73,4,A93,A101,3,A122,34,A143,A152,2,A173,1,A191,A201,0
A14,10,A32,A43,1454,A61,A73,4,A93,A101,2,A121,28,A143,A152,1,A173,1,A191,A201,0
A14,6,A32,A42,1758,A61,A73,1,A93,A101,2,A121,29,A143,A152,1,A173,1,A191,A201,0
A11,36,A32,A42,5723,A61,A73,2,A93,A101,2,A123,31,A143,A152,1,A173,1,A191,A201,0
A14,22,A32,A43,2652,A61,A75,4,A93,A101,4,A123,39,A143,A152,1,A173,1,A192,A201,0
A14,9,A34,A43,756,A61,A73,3,A92,A101,2,A121,33,A143,A152,2,A173,1,A191,A201,0
A14,24,A34,A43,1657,A61,A75,4,A93,A101,1,A121,42,A143,A152,2,A173,1,A191,A201,0
A14,19,A32,A42,3644,A61,A72,1,A92,A101,4,A123,22,A143,A151,1,A173,1,A191,A201,0
A14,6,A34,A40,615,A61,A75,4,A92,A101,4,A123,48,A143,A152,2,A173,1,A191,A201,0
A11,12,A32,A43,1880,A61,A72,4,A92,A101,1,A121,22,A143,A152,1,A173,1,A191,A201,0
A14,22,A32,A43,2884,A61,A74,4,A93,A101,3,A123,31,A143,A152,1,A173,1,A192,A201,0
A12,11,A32,A43,2221,A61,A73,2,A93,A101,1,A123,23,A143,A152,1,A173,1,A191,A201,0
A14,44,A32,A43,6525,A61,A75,4,A93,A101,1,A123,43,A143,A152,1,A173,1,A192,A201,0
A14,8,A32,A43,2010,A61,A73,3,A93,A101,2,A121,32,A143,A152,1,A173,1,A191,A201,0
A14,12,A32,A42,1928,A61,A75,3,A93,A101,4,A121,55,A143,A152,1,A173,1,A191,A201,0
A14,24,A32,A43,2187,A61,A73,4,A93,A101,2,A121,27,A143,A152,1,A173,1,A191,A201,0
A14,20,A34,A43,1359,A65,A75,4,A93,A101,4,A123,54,A143,A152,2,A173,1,A191,A201,0
A14,20,A34,A43,1664,A61,A74,4,A93,A101,3,A123,40,A143,A152,2,A173,1,A191,A201,0
A14,13,A32,A42,1138,A61,A73,1,A92,A101,2,A122,36,A143,A152,1,A173,1,A191,A201,0
A14,10,A32,A43,1609,A61,A73,4,A94,A101,2,A121,25,A143,A152,1,A173,1,A191,A201,0
A14,4,A34,A40,1508,A61,A73,2,A93,A101,1,A121,42,A143,A152,2,A173,2,A191,A201,0
A14,37,A32,A43,10226,A61,A75,4,A93,A101,2,A123,35,A143,A152,1,A173,1,A191,A201,0
A14,5,A34,A40,1765,A61,A73,1,A93,A101,2,A121,36,A143,A152,2,A172,2,A191,A201,0
A14,14,A34,A43,1194,A61,A75,4,A93,A101,4,A123,38,A143,A152,2,A173,1,A191,A201,0
A14,23,A32,A43,1712,A61,A75,4,A93,A101,4,A123,53,A143,A152,2,A173,2,A192,A201,0
A14,7,A32,A42,1721,A61,A73,1,A92,A101,2,A122,54,A143,A152,1,A173,1,A191,A201,0
A14,12,A32,A40,1475,A65,A75,4,A93,A101,4,A124,53,A143,A152,1,A173,1,A192,A201,0
A12,8,A32,A43,2297,A61,A73,1,A92,A101,2,A121,27,A143,A152,1,A173,1,A191,A201,0
A14,12,A32,A43,1173,A61,A74,3,A92,A101,4,A121,30,A143,A152,1,A173,1,A191,A201,0
A14,19,A34,A43,1788,A61,A73,4,A93,A101,1,A122,30,A143,A152,2,A173,1,A192,A201,0
A14,15,A34,A43,1489,A61,A75,3,A93,A101,4,A121,48,A143,A152,2,A173,1,A192,A201,0
A14,14,A32,A43,1094,A61,A73,4,A92,A101,2,A121,26,A143,A152,1,A173,1,A191,A201,0
A14,10,A34,A43,891,A61,A74,4,A93,A101,3,A122,35,A143,A152,2,A173,1,A191,A201,0
A14,17,A32,A43,4755,A61,A71,2,A93,A101,4,A123,67,A143,A152,1,A173,1,A192,A201,0
A14,24,A32,A40,1646,A61,A75,4,A93,A101,4,A123,39,A143,A152,1,A173,1,A191,A201,0
A14,18,A32,A40,1116,A61,A75,4,A93,A101,4,A123,26,A143,A152,1,A173,2,A192,A201,0
A14,38,A32,A41,9715,A65,A75,2,A92,A101,4,A124,45,A143,A153,1,A173,1,A192,A201,0
A14,7,A32,A43,1459,A61,A73,4,A93,A101,2,A121,32,A143,A152,1,A173,1,A191,A201,0
A14,15,A32,A43,4650,A61,A73,3,A93,A101,2,A123,29,A143,A152,1,A173,1,A191,A201,0
A14,15,A34,A43,1827,A61,A75,4,A93,A101,4,A121,46,A143,A152,2,A173,1,A192,A201,0
A11,15,A32,A43,2625,A61,A72,3,A93,A101,1,A121,32,A143,A152,1,A173,1,A191,A201,0
A14,12,A34,A43,1300,A65,A75,4,A93,A101,4,A121,49,A143,A152,2,A173,1,A191,A201,0
A14,22,A34,A43,3187,A61,A75,4,A93,A101,4,A121,23,A143,A152,2,A173,1,A191,A201,0
A14,22,A32,A40,4170,A61,A75,1,A92,A101,4,A123,47,A143,A152,1,A173,1,A191,A201,0
A14,15,A32,A43,6875,A65,A75,2,A93,A101,4,A122,48,A143,A152,1,A173,1,A192,A201,0
A14,24,A32,A43,2748,A61,A74,4,A93,A101,3,A123,30,A143,A152,1,A173,1,A192,A201,0
A14,19,A34,A42,3444,A61,A73,3,A93,A101,1,A123,28,A143,A152,2,A173,1,A191,A201,0
A14,11,A32,A43,1072,A61,A75,3,A93,A101,4,A121,41,A143,A152,1,A173,1,A191,A201,0
A14,28,A34,A43,2261,A61,A73,4,A93,A101,2,A123,25,A143,A152,2,A173,1,A191,A201,0
A14,12,A32,A40,1425,A61,A73,3,A93,A101,2,A121,53,A143,A152,1,A173,1,A191,A201,0
A12,12,A32,A43,2965,A61,A72,2,A92,A101,1,A121,29,A143,A152,1,A173,1,A191,A201,0
A14,11,A32,A41,1913,A61,A72,2,A92,A101,4,A123,24,A143,A151,1,A173,1,A191,A201,0
A14,12,A34,A43,745,A61,A73,4,A93,A101,2,A123,28,A143,A152,2,A173,1,A191,A201,0
A12,16,A32,A43,4297,A61,A74,3,A93,A101,3,A123,36,A143,A152,1,A174,1,A192,A201,0
A14,13,A32,A40,2096,A61,A75,1,A92,A101,4,A123,34,A143,A152,1,A173,1,A191,A201,0
A14,14,A32,A40,2618,A61,A73,2,A93,A101,3,A122,40,A143,A152,1,A172,2,A192,A201,0
A14,25,A32,A43,2574,A61,A74,4,A93,A101,2,A123,42,A143,A152,2,A173,2,A192,A201,0
A14,19,A32,A41,4275,A65,A75,2,A92,A101,4,A123,46,A143,A152,1,A173,1,A192,A201,0
A14,12,A32,A42,4634,A61,A72,1,A92,A101,4,A123,20,A143,A151,1,A173,1,A191,A201,0
A14,6,A34,A43,1548,A61,A73,1,A92,A101,2,A122,24,A143,A152,2,A173,1,A191,A201,0
A12,44,A32,A49,8735,A61,A73,1,A93,A101,1,A123,34,A143,A152,1,A173,1,A191,A201,0
A14,12,A32,A42,1149,A61,A72,1,A92,A101,4,A123,19,A143,A151,1,A173,1,A191,A201,0
A14,9,A32,A42,1738,A61,A75,2,A93,A101,4,A122,59,A143,A152,1,A173,1,A191,A201,0
A14,26,A33,A41,4915,A61,A73,1,A93,A101,2,A123,30,A143,A152,2,A173,1,A191,A201,0
A14,22,A32,A42,4644,A61,A73,1,A93,A101,3,A123,28,A143,A152,1,A173,1,A191,A201,0
A14,11,A32,A43,785,A61,A75,4,A93,A101,4,A123,38,A143,A152,1,A173,1,A191,A201,0
A14,22,A34,A43,2482,A61,A74,4,A93,A101,3,A123,44,A143,A152,2,A173,1,A191,A201,0
A14,17,A32,A42,2719,A61,A72,1,A92,A101,4,A123,32,A143,A151,1,A173,1,A191,A201,0
A14,36,A32,A41,2341,A61,A75,4,A93,A101,4,A123,35,A143,A152,1,A173,1,A191,A201,0
A14,24,A34,A41,2440,A61,A75,4,A93,A101,4,A123,52,A143,A152,2,A173,2,A192,A201,0
A14,23,A34,A43,2589,A61,A74,4,A93,A101,3,A123,45,A143,A152,2,A173,1,A191,A201,0
A14,9,A32,A41,2290,A61,A72,2,A92,A101,4,A123,21,A143,A151,1,A173,1,A191,A201,0
A14,9,A34,A40,2074,A61,A75,3,A92,A101,4,A121,37,A143,A152,2,A172,1,A191,A201,0
A14,22,A34,A43,3562,A61,A73,3,A93,A101,2,A123,29,A143,A152,2,A173,1,A191,A201,0
A14,25,A32,A42,4708,A65,A75,2,A92,A101,4,A123,38,A143,A152,1,A173,1,A192,A201,0
A14,24,A32,A42,3116,A61,A73,2,A93,A101,3,A123,33,A143,A152,1,A173,1,A191,A201,0
A14,12,A32,A40,1929,A61,A73,3,A93,A101,2,A121,31,A143,A152,1,A173,1,A191,A201,0
A11,21,A32,A42,4701,A61,A75,2,A92,A101,4,A123,27,A143,A152,2,A173,1,A191,A201,0
A14,14,A32,A42,3991,A61,A72,1,A92,A101,4,A123,22,A143,A152,1,A173,1,A191,A201,0
A14,12,A34,A43,4051,A61,A73,1,A93,A101,2,A121,39,A143,A152,2,A172,2,A191,A201,0
A14,15,A34,A42,1030,A61,A73,2,A93,A101,3,A122,25,A143,A152,2,A173,1,A191,A201,0
A14,20,A32,A43,1593,A61,A73,4,A93,A101,2,A123,23,A143,A152,1,A173,1,A191,A201,0
A14,6,A32,A40,2802,A61,A73,1,A94,A101,2,A123,31,A143,A152,1,A173,1,A192,A201,0
A14,16,A32,A42,3024,A61,A74,2,A93,A101,3,A123,28,A143,A152,2,A173,1,A191,A201,0
A14,14,A34,A43,1545,A61,A73,4,A93,A101,2,A122,37,A143,A152,2,A173,1,A191,A201,0
A14,36,A34,A43,9059,A61,A73,2,A93,A101,2,A123,32,A143,A152,2,A173,1,A192,A201,0
A14,7,A32,A42,2590,A61,A73,1,A93,A101,2,A123,33,A143,A152,1,A173,1,A191,A201,0
A14,27,A34,A43,3104,A61,A73,4,A93,A101,2,A123,28,A143,A152,2,A173,1,A191,A201,0
A11,23,A32,A43,1265,A61,A72,4,A93,A101,1,A121,25,A143,A152,1,A173,1,A191,A201,0
A14,12,A32,A42,2055,A61,A73,2,A93,A101,2,A121,27,A143,A152,1,A173,1,A191,A201,0
A14,32,A33,A41,7307,A61,A73,1,A93,A101,2,A123,30,A143,A152,1,A173,1,A191,A201,0
A14,14,A32,A43,977,A61,A73,4,A92,A101,2,A121,21,A143,A152,1,A173,1,A191,A201,0
A14,24,A34,A43,766,A61,A75,4,A93,A101,4,A122,54,A143,A152,2,A173,1,A192,A201,0
A14,15,A32,A42,3787,A61,A72,1,A92,A101,4,A123,23,A143,A151,1,A173,1,A191,A201,0
A14,11,A32,A42,1668,A61,A73,2,A94,A101,2,A123,26,A143,A152,1,A173,1,A192,A201,0
A14,36,A32,A43,2368,A61,A73,4,A93,A101,4,A123,28,A143,A152,1,A173,1,A191,A201,0
A14,32,A32,A43,3492,A61,A73,4,A93,A101,4,A123,30,A143,A152,1,A173,1,A192,A201,0
A14,36,A32,A43,2974,A61,A75,4,A93,A101,2,A123,29,A143,A152,1,A173,1,A191,A201,0
A11,6,A32,A40,1532,A61,A73,2,A93,A101,4,A121,36,A143,A152,2,A172,2,A192,A201,0
A14,12,A32,A42,3392,A61,A73,2,A93,A101,3,A123,36,A143,A151,1,A173,1,A191,A201,0
A14,9,A32,A42,1432,A61,A72,1,A92,A101,4,A123,20,A143,A151,1,A173,1,A191,A201,0
A14,36,A34,A43,4372,A61,A75,4,A93,A101,4,A123,33,A143,A152,2,A173,1,A191,A201,0
A14,27,A32,A43,1718,A61,A75,4,A93,A101,4,A121,54,A143,A152,1,A173,1,A192,A201,0
A14,11,A32,A43,1403,A61,A73,3,A92,A101,2,A121,23,A143,A152,1,A173,1,A191,A201,0
A14,11,A34,A43,1240,A61,A75,4,A93,A101,4,A123,38,A143,A152,2,A173,1,A191,A201,0
A14,6,A34,A40,1761,A61,A73,1,A93,A101,2,A121,31,A143,A152,2,A172,2,A191,A201,0
A14,8,A32,A40,1179,A61,A75,3,A93,A101,4,A122,50,A143,A152,2,A173,2,A192,A201,0
A14,18,A34,A43,1796,A61,A73,3,A92,A101,1,A123,26,A143,A152,1,A173,1,A191,A201,0
A14,25,A32,A42,5095,A61,A73,2,A93,A101,2,A123,31,A143,A152,2,A173,1,A191,A201,0
A14,27,A34,A42,1954,A61,A73,3,A93,A101,2,A123,46,A143,A152,2,A173,1,A192,A201,0
A14,12,A34,A43,1917,A61,A73,2,A92,A101,2,A123,26,A143,A152,2,A173,1,A191,A201,0
A14,20,A32,A41,5138,A61,A73,1,A93,A101,2,A123,32,A143,A152,1,A173,1,A191,A201,0
A14,14,A34,A43,1007,A61,A73,4,A93,A101,3,A122,45,A143,A152,2,A173,1,A191,A201,0
A14,19,A32,A40,4452,A61,A74,2,A93,A101,4,A123,40,A143,A152,1,A173,1,A191,A201,0
A14,14,A34,A43,982,A61,A73,3,A92,A101,2,A123,30,A143,A152,2,A173,1,A191,A201,0
A14,15,A32,A43,5476,A61,A75,1,A93,A101,4,A121,64,A143,A152,1,A173,1,A192,A201,0
A14,22,A34,A43,2541,A61,A73,4,A93,A101,2,A123,29,A143,A152,2,A173,1,A191,A201,0
A11,7,A32,A40,2035,A61,A75,2,A93,A101,4,A122,42,A143,A152,1,A172,2,A192,A201,0
A12,8,A32,A43,1878,A61,A73,3,A93,A101,2,A121,25,A143,A152,1,A173,1,A191,A201,0
A14,11,A34,A43,1589,A61,A73,4,A93,A101,2,A122,30,A143,A152,2,A173,1,A191,A201,0
A14,18,A32,A43,1808,A61,A75,3,A93,A101,4,A124,36,A143,A152,1,A173,1,A192,A201,0
A14,10,A34,A43,1215,A61,A73,4,A93,A101,2,A123,44,A143,A152,2,A173,1,A191,A201,0
A14,11,A32,A43,1717,A61,A73,4,A93,A101,2,A121,33,A143,A152,1,A173,1,A191,A201,0
A14,18,A34,A43,1384,A61,A72,4,A93,A101,1,A121,30,A143,A152,2,A173,1,A191,A201,0
A14,20,A32,A43,4074,A61,A73,3,A93,A101,2,A123,28,A143,A152,1,A173,1,A191,A201,0
A14,24,A32,A40,6027,A65,A74,3,A93,A101,4,A124,41,A143,A152,1,A173,2,A192,A201,0
A14,18,A34,A43,1713,A61,A74,4,A93,A101,3,A121,39,A143,A152,2,A173,1,A191,A201,0
A14,17,A34,A43,1075,A61,A75,4,A93,A101,4,A123,64,A143,A152,2,A173,1,A191,A201,0
A11,22,A32,A40,5763,A61,A75,3,A93,A101,4,A121,41,A143,A152,1,A172,2,A192,A201,0
A12,13,A34,A43,998,A61,A75,4,A93,A101,4,A121,22,A143,A152,2,A173,1,A191,A201,0
A14,16,A32,A43,3825,A61,A75,2,A93,A101,4,A121,67,A143,A152,1,A173,1,A192,A201,0
A14,29,A34,A43,3653,A61,A75,4,A93,A101,4,A122,48,A143,A152,2,A173,1,A191,A201,0
A14,15,A32,A43,5001,A65,A75,1,A92,A101,4,A121,58,A143,A152,1,A173,1,A192,A201,0
A11,12,A32,A43,730,A61,A72,4,A93,A101,1,A121,25,A143,A152,1,A173,1,A191,A201,0
A14,20,A32,A43,4277,A61,A75,2,A92,A101,4,A122,43,A143,A152,1,A173,1,A191,A201,0
A12,7,A32,A43,2576,A61,A73,2,A93,A101,2,A121,35,A143,A152,1,A173,1,A191,A201,0
A12,9,A32,A43,1087,A61,A72,4,A92,A101,1,A121,24,A143,A152,1,A173,1,A191,A201,0
A14,30,A32,A49,7170,A61,A73,2,A93,A101,3,A123,35,A143,A152,2,A173,1,A191,A201,0
A14,9,A32,A43,3616,A61,A73,2,A93,A101,2,A121,37,A143,A152,2,A172,2,A191,A201,0
A12,6,A32,A43,513,A61,A73,3,A94,A101,3,A121,27,A143,A152,1,A173,1,A191,A201,0
A14,24,A32,A41,3644,A65,A75,2,A92,A101,4,A123,31,A143,A152,1,A173,1,A192,A201,0
A12,11,A34,A43,981,A61,A75,4,A93,A101,4,A121,23,A143,A152,2,A173,1,A191,A201,0
A14,12,A32,A43,1373,A61,A73,3,A93,A101,2,A121,30,A143,A152,2,A173,1,A191,A201,0
A14,7,A34,A40,2014,A61,A73,1,A93,A101,1,A121,63,A143,A152,3,A172,2,A191,A201,0
A11,11,A32,A43,1669,A61,A72,3,A93,A101,1,A121,34,A143,A152,1,A173,1,A191,A201,0
A14,13,A34,A49,1778,A61,A74,3,A92,A101,1,A122,28,A143,A152,2,A173,1,A191,A201,0
A11,12,A32,A43,1351,A61,A72,4,A93,A101,1,A121,31,A143,A152,1,A173,1,A191,A201,0
A14,22,A34,A43,3504,A61,A73,4,A93,A101,2,A123,28,A143,A152,2,A173,1,A191,A201,0
A14,11,A34,A43,1087,A61,A75,4,A93,A101,3,A121,46,A143,A152,2,A173,1,A192,A201,0
A12,21,A32,A43,2453,A61,A72,4,A93,A101,2,A123,28,A143,A152,1,A173,1,A191,A201,0
A14,23,A32,A43,1545,A61,A75,4,A93,A101,4,A123,50,A143,A152,1,A173,1,A192,A201,0
A14,26,A32,A41,2595,A65,A75,4,A93,A101,4,A123,42,A143,A152,2,A173,2,A192,A201,0
A14,23,A32,A43,4844,A61,A75,2,A92,A101,4,A123,41,A143,A151,1,A173,1,A191,A201,0
A11,7,A32,A42,2935,A61,A73,2,A93,A101,2,A123,34,A143,A152,1,A173,1,A191,A201,0
A14,6,A34,A40,2280,A61,A73,2,A93,A101,1,A121,41,A143,A152,3,A173,2,A191,A201,0
A14,24,A34,A40,2992,A65,A75,4,A93,A101,2,A123,40,A143,A152,2,A173,2,A192,A201,0
A14,12,A34,A43,980,A61,A73,3,A93,A101,2,A123,28,A143,A152,2,A173,1,A191,A201,0
A12,46,A32,A41,7981,A61,A73,2,A93,A101,1,A123,36,A143,A152,2,A173,1,A191,A201,0
A11,17,A32,A43,3355,A61,A72,4,A92,A101,1,A121,25,A143,A152,1,A173,1,A191,A201,0
A14,18,A32,A43,2817,A61,A75,4,A93,A101,4,A121,46,A143,A152,1,A173,1,A192,A201,0
A14,15,A34,A43,1119,A61,A75,4,A93,A101,4,A123,61,A143,A152,2,A173,1,A191,A201,0
A14,29,A34,A43,5275,A61,A73,4,A93,A101,2,A123,26,A143,A152,2,A173,1,A191,A201,0
A14,14,A34,A43,1369,A61,A75,4,A93,A101,4,A123,55,A143,A152,2,A173,1,A191,A201,0
A14,12,A34,A43,1758,A61,A73,4,A93,A101,2,A122,33,A143,A152,2,A173,1,A191,A201,0
A14,12,A32,A43,2088,A61,A75,4,A93,A101,4,A123,37,A143,A152,1,A173,1,A192,A201,0
A14,23,A34,A43,1808,A61,A75,4,A93,A101,4,A121,56,A143,A152,2,A173,1,A191,A201,0
A14,11,A32,A43,1989,A61,A73,4,A93,A101,3,A122,23,A143,A152,1,A173,1,A191,A201,0
A14,17,A32,A42,2824,A61,A73,2,A92,A101,4,A123,38,A143,A151,1,A173,1,A191,A201,0
A14,37,A32,A43,2426,A61,A73,4,A93,A101,4,A123,24,A143,A152,1,A173,1,A191,A201,0
A12,12,A32,A42,1812,A61,A72,2,A92,A101,4,A123,25,A143,A151,1,A173,1,A191,A201,0
A14,19,A32,A40,2516,A61,A73,4,A93,A101,3,A123,32,A143,A152,2,A173,2,A192,A201,0
A14,12,A32,A43,4087,A61,A73,3,A93,A101,2,A123,31,A143,A152,1,A173,1,A191,A201,0
A14,7,A32,A43,1299,A61,A73,3,A93,A101,2,A121,39,A143,A152,1,A173,1,A191,A201,0
A12,18,A34,A42,5555,A61,A73,2,A93,A101,2,A123,31,A143,A152,2,A173,1,A192,A201,0
A14,33,A34,A43,2289,A61,A73,4,A93,A101,2,A123,26,A143,A152,2,A173,1,A191,A201,0
A11,12,A32,A43,1536,A61,A75,4,A92,A101,4,A122,25,A143,A152,1,A173,1,A192,A201,0
A12,34,A32,A41,8092,A61,A73,1,A93,A101,2,A123,30,A143,A152,1,A173,1,A191,A201,0
A14,11,A34,A43,1830,A61,A73,2,A92,A101,2,A123,26,A143,A152,2,A173,1,A191,A201,0
A14,14,A32,A43,1247,A61,A75,3,A93,A101,4,A121,33,A143,A152,1,A173,1,A191,A201,0
A14,22,A34,A42,1518,A61,A73,2,A92,A101,4,A123,35,A143,A152,2,A173,1,A191,A201,0
A12,15,A32,A43,4079,A61,A73,1,A92,A101,1,A123,28,A143,A152,1,A173,1,A191,A201,0
A14,17,A32,A41,2955,A65,A73,2,A92,A101,4,A123,25,A143,A151,1,A173,1,A191,A201,0
A14,20,A34,A42,2640,A61,A73,2,A92,A101,2,A122,36,A143,A152,2,A172,1,A191,A201,0
A12,10,A34,A43,944,A61,A73,4,A93,A101,4,A121,22,A143,A152,1,A173,1,A191,A201,0
A14,16,A34,A43,5203,A61,A75,3,A93,A101,4,A123,33,A143,A152,2,A173,1,A192,A201,0
A12,20,A32,A40,3051,A61,A74,2,A93,A101,3,A123,30,A143,A152,2,A173,1,A191,A201,0
A14,15,A32,A43,5017,A61,A75,1,A93,A101,4,A121,59,A143,A152,1,A173,1,A192,A201,0
A14,20,A34,A43,1543,A61,A74,4,A93,A101,3,A121,37,A143,A152,2,A173,1,A191,A201,0
A12,16,A32,A43,3230,A61,A74,2,A93,A101,1,A123,29,A143,A152,1,A173,1,A191,A201,0
A14,11,A32,A42,1337,A61,A75,2,A93,A101,4,A121,61,A143,A152,1,A173,1,A191,A201,0
A14,8,A32,A43,1346,A61,A73,4,A93,A101,4,A122,25,A143,A152,1,A173,1,A192,A201,0
A14,12,A32,A43,901,A61,A75,4,A93,A101,4,A121,37,A143,A152,1,A173,1,A191,A201,0
A11,8,A32,A43,1467,A61,A73,2,A93,A101,1,A122,39,A143,A152,1,A173,1,A192,A201,0
A14,29,A32,A41,4684,A65,A74,2,A92,A101,4,A123,24,A143,A151,1,A173,1,A191,A201,0
A11,36,A32,A43,4220,A61,A72,4,A93,A101,2,A123,26,A143,A152,1,A173,1,A191,A201,0
A14,11,A32,A40,754,A61,A73,2,A93,A101,3,A121,37,A143,A152,1,A172,2,A191,A201,0
A14,15,A32,A43,1516,A61,A75,4,A93,A101,4,A121,41,A143,A152,1,A173,1,A192,A201,0
A14,28,A32,A43,5544,A61,A74,3,A93,A101,2,A123,37,A143,A152,1,A173,1,A191,A201,0
A14,15,A34,A43,1440,A61,A72,4,A93,A101,1,A122,23,A143,A152,1,A173,1,A191,A201,0
A12,52,A32,A41,9318,A61,A73,1,A92,A101,1,A123,31,A143,A152,1,A173,1,A191,A201,0
A14,13,A34,A43,2319,A61,A73,2,A93,A101,2,A123,36,A143,A152,1,A173,1,A191,A201,0
A12,10,A32,A43,1455,A61,A73,2,A93,A101,1,A121,25,A143,A152,1,A173,1,A191,A201,0
A14,34,A32,A43,2155,A61,A75,4,A93,A101,4,A121,45,A143,A152,1,A173,1,A191,A201,0
A14,37,A32,A41,11026,A61,A73,2,A93,A101,4,A124,37,A143,A152,2,A173,1,A192,A201,0
A12,13,A32,A43,896,A61,A75,4,A92,A101,4,A122,22,A143,A152,1,A173,1,A191,A201,0
A14,22,A34,A43,1850,A61,A73,2,A92,A101,2,A121,31,A143,A152,2,A173,1,A191,A201,0
A14,16,A32,A43,1763,A61,A75,3,A93,A101,4,A121,44,A143,A152,1,A173,1,A191,A201,0
A14,23,A32,A42,3991,A61,A73,2,A93,A101,3,A123,34,A143,A152,2,A173,1,A191,A201,0
A14,4,A34,A40,3232,A61,A73,1,A93,A101,1,A121,35,A143,A152,1,A172,2,A191,A201,0
A14,20,A34,A43,1371,A61,A73,4,A93,A101,2,A123,26,A143,A152,2,A173,1,A191,A201,0
A14,17,A32,A42,3130,A61,A72,1,A92,A101,4,A123,23,A143,A151,1,A173,1,A191,A201,0
A14,32,A32,A43,3051,A61,A75,4,A93,A101,4,A121,52,A143,A152,1,A173,1,A191,A201,0
A14,14,A32,A41,6589,A65,A75,2,A92,A101,4,A124,48,A143,A152,1,A173,1,A192,A201,0
A14,18,A32,A40,2426,A61,A75,4,A93,A101,4,A124,43,A143,A152,1,A173,1,A192,A201,0
A14,15,A32,A42,1792,A61,A73,1,A92,A101,2,A123,33,A143,A152,1,A173,1,A191,A201,0
A14,20,A32,A40,2004,A65,A75,4,A93,A101,4,A124,54,A143,A152,1,A173,1,A192,A201,0
A14,6,A34,A40,2072,A61,A73,1,A93,A101,2,A121,34,A143,A152,2,A173,2,A191,A201,0
A14,9,A32,A42,2076,A61,A73,2,A93,A101,2,A121,37,A143,A152,1,A173,1,A192,A201,0
A14,30,A32,A43,2356,A61,A73,4,A93,A101,2,A123,29,A143,A152,1,A173,1,A191,A201,0
A12,40,A33,A41,6376,A61,A73,1,A92,A101,1,A123,26,A143,A152,2,A173,1,A191,A201,0
A14,12,A34,A42,5743,A61,A75,2,A93,A101,4,A122,48,A143,A152,1,A173,1,A192,A201,0
A14,19,A32,A43,2360,A61,A75,3,A93,A101,4,A121,50,A143,A152,1,A173,1,A191,A201,0
A14,36,A34,A40,9539,A61,A73,1,A93,A101,3,A121,31,A143,A152,2,A172,2,A191,A201,0
A14,13,A32,A42,3563,A61,A72,1,A92,A101,4,A123,25,A143,A151,1,A173,1,A191,A201,0
A14,17,A32,A43,1471,A61,A74,3,A92,A101,4,A121,38,A143,A152,1,A173,1,A191,A201,0
A14,6,A32,A42,1834,A61,A73,1,A92,A101,2,A121,21,A143,A152,1,A173,1,A192,A201,0
A12,11,A34,A43,699,A61,A73,4,A93,A101,4,A121,20,A143,A152,2,A173,1,A191,A201,0
A14,24,A34,A43,2433,A65,A75,4,A93,A101,2,A123,43,A143,A152,2,A173,2,A192,A201,0
A14,15,A34,A43,1232,A61,A75,2,A93,A101,3,A121,59,A143,A152,3,A172,1,A191,A201,0
A14,13,A32,A40,1833,A61,A75,4,A93,A101,4,A123,39,A143,A152,1,A173,1,A192,A201,0
A14,13,A32,A43,1731,A61,A75,4,A93,A101,4,A123,40,A143,A152,1,A173,1,A192,A201,0
A14,8,A34,A43,1623,A61,A75,4,A93,A101,4,A123,49,A143,A152,3,A173,1,A191,A201,0
A14,7,A32,A40,1737,A61,A74,2,A93,A101,4,A122,42,A143,A152,1,A172,2,A191,A201,0
A14,48,A32,A43,3568,A61,A75,4,A93,A101,2,A123,33,A143,A152,1,A173,1,A191,A201,0
A14,25,A34,A43,5268,A61,A75,3,A93,A101,4,A123,33,A143,A152,2,A173,1,A191,A201,0
A14,11,A32,A40,2096,A61,A73,2,A93,A101,3,A121,48,A143,A152,1,A172,2,A191,A201,0
A11,8,A32,A42,2482,A61,A73,2,A93,A101,3,A123,30,A143,A152,1,A173,1,A191,A201,0
A14,11,A32,A42,1608,A61,A72,1,A92,A101,4,A123,22,A143,A151,1,A173,1,A191,A201,0
A14,16,A32,A42,2340,A61,A75,3,A93,A101,4,A121,40,A143,A152,1,A173,1,A191,A201,0
A14,23,A32,A41,5101,A65,A75,2,A92,A101,4,A123,42,A143,A152,1,A173,1,A192,A201,0
A11,12,A32,A43,646,A61,A72,4,A92,A101,1,A121,25,A143,A152,1,A173,1,A191,A201,0
A14,9,A32,A41,1313,A61,A72,1,A92,A101,4,A123,22,A143,A151,1,A173,1,A191,A201,0
A14,13,A32,A43,4495,A65,A75,2,A93,A101,4,A121,55,A143,A152,1,A173,1,A192,A201,0
A14,28,A32,A42,3556,A61,A74,2,A93,A101,1,A123,24,A143,A152,1,A173,1,A191,A201,0
A12,33,A32,A43,3897,A61,A75,3,A93,A101,4,A124,46,A143,A152,1,A173,1,A192,A201,0
A14,24,A32,A43,5839,A61,A74,3,A93,A101,3,A123,32,A143,A152,2,A173,1,A192,A201,0
A14,38,A34,A41,9080,A65,A75,3,A93,A101,4,A123,35,A143,A152,3,A173,2,A192,A201,0
A14,8,A32,A42,1103,A61,A73,1,A94,A101,2,A122,31,A143,A152,2,A173,1,A191,A201,0
A14,24,A34,A41,1757,A65,A75,4,A93,A101,3,A123,37,A143,A152,1,A173,2,A192,A201,0
A14,33,A34,A42,3181,A61,A73,3,A93,A101,2,A123,40,A143,A152,2,A173,1,A192,A201,0
A12,9,A32,A43,1602,A61,A73,2,A93,A101,1,A123,26,A143,A152,1,A173,1,A191,A201,0
A12,11,A32,A43,1123,A61,A72,4,A92,A101,1,A121,29,A143,A152,1,A173,1,A191,A201,0
A14,60,A32,A41,13467,A65,A71,2,A93,A101,4,A124,61,A143,A152,1,A173,1,A192,A201,0
A14,6,A32,A42,1839,A61,A73,1,A94,A101,2,A123,21,A143,A152,1,A173,1,A192,A201,0
A14,35,A32,A41,9160,A61,A73,2,A93,A101,2,A123,31,A143,A152,2,A173,1,A191,A201,0
A11,6,A34,A40,4381,A61,A73,1,A93,A101,3,A121,41,A143,A152,2,A172,2,A191,A201,0
A14,28,A34,A42,8402,A61,A73,2,A93,A101,2,A123,26,A143,A152,2,A173,1,A191,A201,0
A14,19,A34,A43,1414,A61,A75,4,A93,A101,1,A121,41,A143,A152,2,A173,1,A191,A201,0
A11,12,A32,A42,2020,A61,A73,2,A93,A101,2,A123,29,A143,A152,1,A173,1,A191,A201,0
A14,12,A34,A40,2498,A61,A75,3,A92,A101,4,A121,28,A143,A152,2,A172,1,A191,A201,0
A14,24,A32,A43,2287,A61,A75,4,A93,A101,4,A123,37,A143,A152,1,A173,1,A192,A201,0
A14,21,A32,A43,1597,A61,A74,4,A93,A101,3,A123,37,A143,A152,1,A173,1,A192,A201,0
A14,15,A32,A43,3482,A65,A75,4,A93,A101,2,A123,53,A143,A152,1,A173,1,A192,A201,0
A14,16,A34,A43,1431,A61,A73,3,A93,A101,2,A123,30,A143,A152,2,A173,1,A191,A201,0
A14,17,A34,A43,1979,A61,A75,2,A93,A101,3,A121,59,A143,A152,3,A172,1,A191,A201,0
A14,11,A32,A43,2963,A61,A72,3,A92,A101,1,A121,33,A143,A152,1,A173,1,A191,A201,0
A14,22,A34,A42,4607,A61,A73,2,A93,A101,3,A123,30,A143,A152,2,A173,1,A191,A201,0
A14,15,A32,A43,4074,A61,A71,2,A93,A101,4,A123,64,A143,A152,1,A173,1,A192,A201,0
A14,37,A32,A41,8188,A61,A73,1,A93,A101,2,A123,29,A143,A152,1,A173,1,A191,A201,0
A14,16,A34,A43,1345,A61,A72,4,A93,A101,1,A122,25,A143,A152,2,A173,1,A191,A201,0
A11,12,A32,A43,694,A61,A73,4,A92,A101,4,A122,23,A143,A152,1,A173,1,A191,A201,0
A14,9,A34,A43,1367,A61,A73,2,A92,A101,2,A121,31,A143,A152,2,A173,1,A191,A201,0
A14,36,A32,A40,4354,A61,A73,2,A93,A101,2,A123,24,A143,A152,1,A173,1,A191,A201,0
A12,40,A32,A49,8628,A61,A73,2,A93,A101,2,A121,34,A143,A152,1,A173,1,A191,A201,0
A14,18,A34,A43,1780,A61,A75,3,A93,A101,4,A121,48,A143,A152,2,A173,1,A192,A201,0
A14,20,A32,A42,2746,A61,A73,1,A92,A101,2,A123,30,A143,A152,1,A173,1,A191,A201,0
A14,35,A34,A43,4259,A61,A75,4,A93,A101,4,A123,34,A143,A152,2,A173,1,A191,A201,0
A14,21,A34,A42,1975,A61,A73,2,A93,A101,3,A123,32,A143,A152,2,A173,1,A192,A201,0
A12,14,A32,A49,2658,A61,A73,2,A93,A101,1,A123,40,A143,A152,1,A173,1,A192,A201,0
A11,12,A32,A43,1400,A61,A72,4,A92,A101,1,A121,25,A143,A152,1,A173,1,A191,A201,0
A14,24,A32,A42,1635,A61,A73,2,A93,A101,2,A121,28,A143,A152,1,A173,1,A191,A201,0
A14,15,A34,A43,1289,A61,A73,4,A93,A101,2,A123,30,A143,A152,2,A173,1,A191,A201,0
A14,7,A32,A40,1322,A61,A75,4,A93,A101,4,A123,35,A143,A152,1,A173,2,A192,A201,0
A14,21,A32,A43,1272,A61,A73,4,A94,A101,2,A121,29,A143,A152,1,A173,1,A191,A201,0
A12,40,A32,A41,4816,A61,A73,2,A93,A101,2,A123,26,A143,A152,1,A173,1,A192,A201,0
A14,6,A32,A42,1891,A61,A73,1,A93,A101,2,A123,22,A143,A152,1,A173,1,A191,A201,0
A14,11,A32,A42,2256,A61,A73,2,A93,A101,2,A121,38,A143,A152,1,A173,1,A192,A201,0
A14,22,A32,A40,1761,A61,A75,4,A93,A101,4,A123,36,A143,A152,1,A173,1,A191,A201,0
A12,15,A32,A43,1692,A61,A73,2,A93,A101,2,A121,29,A143,A152,1,A173,1,A191,A201,0
A14,14,A34,A43,2111,A61,A73,3,A93,A101,2,A123,29,A143,A152,2,A173,1,A191,A201,0
A14,48,A32,A43,2784,A61,A75,4,A93,A101,3,A123,38,A143,A152,2,A173,2,A192,A201,0
A11,10,A34,A40,4299,A61,A73,1,A93,A101,2,A121,40,A143,A152,2,A172,2,A191,A201,0
A11,14,A32,A43,867,A61,A73,4,A92,A101,4,A122,22,A143,A152,1,A173,1,A191,A201,0
A14,31,A32,A41,6111,A65,A75,2,A92,A101,4,A124,27,A143,A152,1,A173,1,A192,A201,0
A14,6,A32,A40,1400,A61,A73,1,A94,A101,2,A123,22,A143,A152,1,A173,1,A192,A201,0
A14,14,A32,A43,2606,A61,A73,3,A93,A101,2,A121,26,A143,A152,1,A173,1,A191,A201,0
A11,10,A34,A40,3500,A61,A73,2,A93,A101,2,A121,41,A143,A152,2,A172,2,A191,A201,0
A14,24,A32,A41,5254,A65,A75,2,A92,A101,4,A123,34,A143,A151,1,A173,1,A191,A201,0
A14,9,A32,A43,1309,A61,A73,4,A94,A101,2,A121,26,A143,A152,1,A173,1,A191,A201,0
A11,60,A32,A49,10264,A61,A75,3,A93,A101,4,A124,61,A143,A153,2,A173,1,A191,A201,1
A11,12,A32,A40,806,A61,A75,4,A93,A101,3,A124,33,A143,A152,1,A173,2,A191,A201,1
A11,24,A34,A40,1337,A61,A75,4,A93,A101,2,A123,40,A143,A152,2,A173,2,A191,A201,1
A12,18,A32,A40,2265,A61,A75,3,A92,A101,4,A123,33,A143,A152,2,A173,1,A191,A201,1
A11,47,A32,A43,6802,A61,A73,3,A93,A101,2,A122,30,A143,A152,1,A173,1,A191,A201,1
A12,42,A32,A42,5415,A61,A73,2,A92,A101,2,A121,22,A143,A152,1,A173,1,A191,A201,1
A12,33,A32,A43,4762,A61,A73,3,A93,A101,2,A123,38,A143,A152,1,A173,1,A191,A201,1
A12,12,A32,A40,1325,A61,A72,2,A92,A101,1,A123,23,A143,A152,1,A173,1,A191,A201,1
A11,17,A32,A40,738,A61,A72,4,A92,A101,1,A123,26,A143,A152,1,A173,1,A191,A201,1
A11,20,A34,A40,3673,A61,A75,3,A93,A101,4,A124,49,A143,A152,2,A173,2,A191,A201,1
A11,18,A32,A40,2473,A61,A72,4,A92,A101,1,A121,25,A143,A152,1,A173,1,A191,A201,1
A12,33,A32,A49,6809,A61,A73,2,A92,A101,4,A123,23,A143,A151,2,A173,1,A191,A201,1
A11,18,A32,A40,1981,A61,A72,4,A92,A101,1,A121,22,A143,A152,1,A173,1,A191,A201,1
A11,25,A32,A40,2073,A61,A73,4,A92,A101,2,A123,28,A143,A152,1,A173,1,A191,A201,1
A11,37,A32,A43,3216,A61,A73,2,A93,A101,1,A121,24,A143,A152,2,A173,1,A191,A201,1
A11,22,A32,A43,2867,A61,A73,3,A92,A101,2,A123,22,A143,A152,1,A173,1,A192,A201,1
A11,24,A32,A42,1813,A61,A73,4,A92,A101,4,A121,25,A143,A151,1,A173,1,A191,A201,1
A11,9,A32,A42,625,A61,A72,4,A92,A101,4,A121,23,A143,A151,1,A173,1,A191,A201,1
A11,12,A32,A42,4806,A61,A75,4,A93,A101,4,A124,58,A143,A152,1,A173,1,A191,A201,1
A12,36,A32,A43,6547,A61,A72,1,A93,A101,1,A123,26,A143,A152,2,A173,1,A192,A201,1
A11,9,A32,A40,1642,A61,A73,4,A92,A101,2,A123,22,A143,A152,1,A173,1,A191,A201,1
A11,16,A32,A42,3228,A61,A75,4,A93,A101,3,A124,47,A143,A152,1,A173,1,A191,A201,1
A12,30,A34,A40,2975,A61,A72,4,A92,A101,3,A121,29,A143,A152,2,A173,1,A191,A201,1
A11,42,A32,A43,7766,A61,A75,3,A93,A101,4,A124,45,A143,A153,1,A173,1,A191,A201,1
A12,15,A32,A40,2345,A61,A73,2,A92,A101,3,A123,24,A143,A152,1,A173,1,A191,A201,1
A11,12,A32,A40,1613,A61,A75,4,A93,A101,4,A124,54,A143,A153,2,A173,2,A191,A201,1
A11,27,A32,A42,1654,A61,A73,4,A93,A101,4,A123,24,A143,A151,1,A173,1,A191,A201,1
A11,26,A32,A40,8325,A61,A73,2,A93,A101,4,A123,42,A143,A152,2,A173,1,A192,A201,1
A12,18,A34,A43,2149,A61,A72,4,A93,A101,4,A121,26,A143,A152,3,A173,1,A191,A201,1
A11,11,A32,A40,1040,A61,A73,4,A92,A101,2,A123,24,A143,A152,1,A173,1,A191,A201,1
A11,10,A32,A40,1239,A61,A72,4,A92,A101,4,A121,25,A143,A151,1,A173,1,A191,A201,1
A11,12,A32,A42,1042,A61,A73,2,A92,A101,3,A123,30,A143,A152,1,A173,1,A191,A201,1
A11,23,A32,A40,926,A61,A73,4,A92,A101,2,A123,29,A143,A152,1,A173,1,A191,A201,1
A12,48,A32,A43,6752,A61,A73,2,A93,A101,2,A123,22,A143,A152,1,A173,1,A192,A201,1
A11,26,A32,A49,8330,A61,A75,2,A93,A101,4,A123,42,A143,A151,2,A173,1,A192,A201,1
A12,21,A32,A43,2760,A61,A72,3,A92,A101,2,A123,22,A143,A152,1,A173,1,A191,A201,1
A11,21,A32,A42,2637,A61,A73,3,A92,A101,2,A123,35,A143,A152,1,A173,1,A192,A201,1
A11,26,A32,A42,1717,A61,A72,3,A92,A101,4,A121,24,A143,A151,1,A173,1,A191,A201,1
A14,35,A32,A43,4212,A61,A73,4,A93,A101,2,A123,26,A143,A152,1,A174,1,A191,A201,1
A11,31,A34,A40,3900,A61,A75,4,A93,A101,4,A124,38,A143,A153,2,A173,2,A191,A201,1
A11,23,A32,A42,1941,A61,A72,4,A92,A101,4,A121,30,A143,A151,2,A173,1,A191,A201,1
A14,18,A32,A43,1912,A61,A73,2,A93,A101,2,A121,30,A143,A152,2,A173,1,A191,A201,1
A11,10,A32,A40,1826,A61,A73,4,A92,A101,2,A123,31,A143,A152,1,A173,1,A191,A201,1
A11,15,A32,A43,2128,A61,A73,3,A92,A101,2,A123,24,A143,A152,1,A173,1,A192,A201,1
A11,18,A32,A42,2066,A61,A72,4,A92,A101,4,A121,24,A143,A151,2,A173,1,A191,A201,1
A14,30,A34,A43,2086,A61,A73,4,A92,A101,3,A123,29,A143,A152,2,A174,1,A192,A201,1
A11,16,A32,A40,3563,A61,A72,2,A93,A101,1,A123,36,A143,A152,1,A173,1,A192,A201,1
A12,39,A32,A42,10491,A61,A73,4,A92,A101,3,A123,42,A143,A152,1,A174,1,A192,A201,1
A11,12,A32,A40,1158,A61,A73,3,A93,A101,3,A124,41,A143,A152,2,A173,2,A191,A201,1
A11,17,A34,A40,1021,A61,A75,4,A93,A101,3,A124,34,A143,A153,2,A173,2,A191,A201,1
A11,24,A32,A40,2652,A61,A72,4,A92,A101,4,A122,23,A143,A151,1,A173,1,A191,A201,1
A12,28,A34,A49,8591,A61,A73,2,A92,A101,3,A123,29,A143,A152,2,A173,1,A192,A201,1
A11,22,A32,A40,3433,A61,A75,3,A93,A101,4,A124,25,A143,A153,2,A173,2,A191,A201,1
A11,23,A32,A40,5398,A61,A75,1,A92,A101,4,A123,27,A143,A151,2,A173,1,A192,A201,1
A11,35,A32,A42,7008,A61,A75,2,A92,A101,4,A123,23,A143,A151,2,A173,1,A192,A201,1
A11,19,A32,A40,1341,A61,A72,4,A92,A101,2,A123,32,A143,A152,1,A173,1,A191,A201,1
A14,9,A32,A43,1500,A61,A73,4,A93,A101,2,A123,28,A143,A152,2,A173,1,A191,A201,1
A11,18,A32,A40,1890,A61,A72,4,A92,A101,1,A123,23,A143,A152,1,A173,1,A191,A201,1
A11,41,A32,A43,6874,A61,A73,4,A93,A101,3,A122,29,A143,A152,1,A173,1,A191,A201,1
A12,12,A32,A40,1451,A61,A72,2,A92,A101,1,A123,22,A143,A152,1,A173,1,A191,A201,1
A12,33,A30,A40,11671,A61,A73,1,A92,A101,4,A123,25,A143,A151,2,A173,1,A192,A201,1
A11,47,A32,A46,5917,A61,A73,4,A93,A101,4,A124,36,A143,A153,1,A173,1,A191,A201,1
A11,16,A32,A40,1797,A61,A73,3,A92,A101,3,A123,29,A143,A152,2,A173,1,A191,A201,1
A12,43,A32,A43,14966,A61,A73,1,A93,A101,2,A123,28,A143,A152,1,A173,1,A192,A201,1
A11,22,A30,A42,1450,A61,A73,1,A92,A101,4,A122,31,A143,A152,2,A173,1,A192,A201,1
A11,23,A32,A43,3050,A61,A73,3,A92,A101,2,A123,22,A143,A152,1,A173,1,A192,A201,1
A11,11,A32,A40,1283,A61,A72,3,A92,A101,1,A121,36,A143,A152,1,A173,1,A191,A201,1
A11,36,A32,A43,2528,A61,A75,4,A93,A101,4,A124,52,A143,A152,1,A173,1,A191,A201,1
A11,38,A32,A42,7017,A61,A73,4,A93,A101,3,A123,29,A143,A152,1,A173,1,A192,A201,1
A11,24,A32,A40,1581,A61,A72,4,A92,A101,4,A121,33,A143,A151,1,A173,1,A191,A201,1
A11,36,A32,A46,1907,A61,A75,4,A93,A101,4,A124,38,A143,A153,1,A173,1,A191,A201,1
A11,12,A32,A40,673,A61,A73,4,A93,A101,2,A123,29,A143,A152,1,A173,1,A191,A201,1
A11,53,A32,A43,6301,A61,A75,4,A93,A101,4,A124,39,A143,A153,1,A173,1,A191,A201,1
A11,32,A34,A40,11385,A61,A75,3,A93,A101,3,A124,38,A143,A153,2,A173,2,A191,A201,1
A11,18,A34,A40,1892,A61,A75,4,A93,A101,2,A123,38,A141,A152,2,A173,2,A191,A201,1
A11,12,A32,A43,7964,A61,A75,4,A93,A101,4,A124,52,A143,A152,1,A173,1,A191,A201,1
A11,11,A32,A40,1133,A61,A72,4,A92,A101,1,A123,28,A143,A152,1,A173,1,A191,A201,1
A11,28,A32,A42,2983,A61,A72,2,A92,A101,4,A123,27,A143,A152,1,A173,1,A191,A201,1
A11,19,A32,A40,2413,A61,A72,4,A92,A101,1,A121,30,A143,A152,1,A173,1,A191,A201,1
A11,16,A32,A40,1167,A61,A74,4,A92,A101,4,A121,22,A143,A151,1,A173,1,A191,A201,1
A14,20,A32,A43,2266,A61,A73,4,A93,A101,2,A123,29,A143,A152,2,A174,1,A192,A201,1
A11,36,A32,A43,2773,A61,A72,4,A92,A101,4,A121,29,A143,A151,1,A173,1,A191,A201,1
A11,6,A32,A43,2056,A61,A75,4,A93,A101,4,A124,47,A143,A153,1,A173,1,A191,A201,1
A11,18,A32,A40,5622,A61,A75,3,A93,A101,4,A122,67,A143,A152,2,A173,1,A192,A201,1
A11,28,A32,A40,1967,A61,A73,4,A92,A101,2,A123,23,A143,A152,1,A173,1,A191,A201,1
A11,12,A32,A40,738,A61,A72,4,A92,A101,3,A122,24,A143,A152,1,A173,1,A191,A201,1
A11,23,A32,A40,3018,A61,A72,4,A92,A101,1,A123,27,A143,A152,1,A173,1,A191,A201,1
A12,33,A32,A42,5145,A61,A73,2,A93,A101,2,A122,28,A143,A152,2,A173,2,A191,A201,1
A11,18,A32,A43,1907,A61,A73,2,A93,A101,2,A121,29,A143,A152,2,A173,1,A191,A201,1
A11,6,A32,A43,487,A61,A72,4,A92,A101,4,A121,23,A143,A151,1,A173,1,A191,A201,1
A11,11,A32,A40,1008,A61,A73,4,A93,A101,2,A123,22,A143,A152,1,A173,1,A191,A201,1
A11,41,A32,A42,4116,A61,A72,3,A93,A101,4,A123,24,A143,A151,1,A173,1,A191,A201,1
A11,50,A32,A49,3858,A61,A75,3,A93,A101,4,A124,55,A143,A153,1,A173,1,A191,A201,1
A11,27,A32,A40,2804,A61,A72,4,A92,A101,4,A121,22,A143,A151,1,A173,1,A191,A201,1
A11,12,A32,A40,676,A61,A73,4,A93,A101,2,A123,30,A143,A152,1,A173,1,A191,A201,1
A11,24,A32,A40,1750,A61,A73,4,A93,A101,2,A123,34,A143,A152,1,A173,1,A191,A201,1
A11,40,A32,A43,3578,A61,A73,4,A93,A101,4,A124,27,A143,A152,2,A173,1,A191,A201,1
A11,27,A32,A42,8159,A61,A75,3,A93,A101,4,A124,49,A143,A153,1,A173,1,A191,A201,1
A11,19,A32,A42,8793,A61,A75,4,A93,A101,4,A124,34,A143,A152,1,A173,1,A192,A201,1
A12,18,A34,A40,1298,A61,A74,3,A93,A101,3,A121,30,A143,A152,2,A173,1,A191,A201,1
A14,33,A32,A43,6364,A61,A73,4,A93,A101,2,A123,26,A143,A152,2,A173,1,A192,A201,1
A11,24,A32,A40,4105,A61,A72,3,A92,A101,4,A123,30,A143,A152,1,A173,1,A191,A201,1
A11,12,A32,A43,2846,A61,A72,4,A92,A101,3,A123,25,A143,A152,2,A173,1,A191,A201,1
A12,48,A32,A42,5538,A61,A73,2,A92,A101,2,A123,25,A143,A152,1,A173,1,A191,A201,1
A11,24,A32,A40,3996,A61,A72,3,A92,A101,4,A121,27,A143,A151,1,A173,1,A191,A201,1
A11,12,A32,A40,1592,A61,A73,4,A92,A101,2,A123,33,A143,A152,1,A173,1,A191,A201,1
A11,28,A32,A43,1739,A61,A72,4,A92,A101,4,A121,27,A143,A151,1,A173,1,A191,A201,1
A12,42,A32,A43,9791,A61,A72,1,A93,A101,2,A123,26,A143,A152,1,A173,1,A192,A201,1
A11,9,A32,A43,1175,A61,A75,4,A93,A101,4,A124,47,A143,A152,1,A173,1,A191,A201,1
A11,24,A32,A43,1301,A61,A75,4,A93,A101,4,A124,60,A143,A152,2,A173,1,A191,A201,1
A11,33,A32,A43,2070,A61,A75,4,A93,A101,4,A124,61,A143,A152,2,A173,1,A191,A201,1
A11,12,A32,A40,3169,A61,A73,3,A93,A101,3,A123,53,A143,A152,2,A173,1,A191,A201,1
A11,24,A32,A40,1519,A61,A72,3,A92,A101,4,A121,25,A143,A151,1,A173,1,A191,A201,1
A11,24,A32,A40,1378,A61,A72,4,A92,A101,4,A123,25,A143,A152,1,A173,1,A191,A201,1
A11,16,A32,A42,1623,A61,A72,4,A92,A101,3,A123,28,A143,A152,1,A173,1,A191,A201,1
A11,14,A32,A40,1337,A61,A73,4,A92,A101,2,A123,25,A143,A152,1,A173,1,A191,A201,1
A12,15,A32,A40,2524,A61,A73,2,A92,A101,4,A123,27,A143,A152,2,A173,1,A191,A201,1
A11,34,A32,A42,2677,A61,A72,3,A93,A101,4,A123,24,A143,A151,1,A173,1,A191,A201,1
A11,20,A32,A40,2593,A61,A72,4,A92,A101,3,A123,43,A143,A152,1,A173,1,A191,A201,1
A11,17,A32,A40,2110,A61,A73,4,A93,A101,2,A123,28,A143,A152,1,A173,1,A191,A201,1
A14,30,A32,A43,3635,A61,A73,4,A93,A101,2,A123,26,A143,A152,2,A174,1,A192,A201,1
A12,20,A32,A43,2353,A61,A72,2,A93,A101,1,A121,30,A143,A152,1,A173,1,A191,A201,1
A11,13,A32,A40,1854,A61,A73,4,A93,A101,2,A123,35,A143,A152,1,A173,1,A191,A201,1
A11,12,A32,A40,655,A61,A72,4,A92,A101,4,A121,24,A143,A151,1,A173,1,A191,A201,1
A11,23,A32,A40,1285,A61,A72,4,A92,A101,2,A123,22,A143,A152,1,A173,1,A191,A201,1
A12,12,A32,A43,1397,A61,A72,2,A92,A101,1,A123,31,A143,A152,1,A173,1,A191,A201,1
A11,22,A32,A40,1361,A61,A72,4,A92,A101,4,A121,24,A143,A151,1,A173,1,A191,A201,1
A12,17,A32,A42,13260,A61,A73,1,A93,A101,2,A123,23,A143,A152,1,A173,1,A192,A201,1
A11,7,A32,A40,1267,A61,A72,4,A92,A101,4,A121,29,A143,A151,1,A173,1,A191,A201,1
A12,17,A32,A42,3127,A61,A73,2,A92,A101,2,A121,24,A143,A152,1,A173,1,A191,A201,1
A11,19,A32,A40,3537,A61,A73,3,A93,A101,2,A123,25,A143,A152,1,A173,1,A192,A201,1
A11,23,A32,A40,1393,A61,A73,4,A93,A101,2,A123,35,A143,A152,1,A173,1,A191,A201,1
A11,12,A32,A40,2255,A61,A73,4,A93,A101,2,A123,37,A143,A152,1,A173,1,A192,A201,1
A11,13,A32,A42,3252,A61,A72,4,A93,A101,3,A123,42,A143,A152,1,A173,1,A192,A201,1
A11,23,A32,A40,3066,A61,A73,4,A93,A101,2,A123,31,A143,A152,1,A173,1,A191,A201,1
A12,21,A32,A42,4120,A61,A73,1,A92,A101,4,A123,29,A143,A151,2,A173,1,A192,A201,1
A11,23,A32,A42,5153,A61,A75,2,A93,A101,4,A123,25,A143,A152,1,A173,1,A192,A201,1
A12,12,A32,A43,779,A61,A72,4,A92,A101,2,A121,26,A143,A152,1,A173,1,A191,A201,1
A11,26,A32,A43,2019,A61,A74,4,A92,A101,4,A121,33,A143,A151,1,A173,1,A191,A201,1
A11,24,A34,A40,1337,A61,A75,4,A93,A101,2,A123,40,A143,A152,2,A173,2,A191,A201,1
A11,23,A32,A42,1299,A61,A72,4,A92,A101,4,A121,23,A143,A151,1,A173,1,A191,A201,1
A12,16,A32,A43,1912,A61,A72,2,A93,A101,1,A121,32,A143,A152,1,A173,1,A191,A201,1
A11,43,A32,A40,3470,A61,A75,4,A93,A101,4,A124,44,A143,A152,1,A173,2,A191,A201,1
A11,48,A32,A40,5671,A61,A73,3,A92,A101,2,A123,33,A143,A152,1,A173,1,A191,A201,1
A11,20,A32,A42,12616,A61,A75,4,A93,A101,4,A124,30,A143,A152,1,A173,1,A192,A201,1
A12,43,A32,A43,15350,A61,A73,1,A93,A101,2,A123,30,A143,A152,1,A173,1,A192,A201,1
A14,9,A32,A43,1423,A61,A73,4,A93,A101,2,A123,34,A143,A152,2,A173,1,A191,A201,1
A11,24,A32,A42,3210,A61,A73,4,A92,A101,4,A121,23,A143,A151,1,A173,1,A191,A201,1
A12,48,A32,A43,17107,A61,A73,1,A93,A101,2,A123,27,A143,A152,1,A173,1,A192,A201,1
A11,48,A32,A43,4526,A61,A75,4,A93,A101,4,A124,36,A143,A153,1,A173,1,A191,A201,1
A11,15,A32,A43,5583,A61,A75,4,A93,A101,3,A124,44,A143,A152,1,A173,1,A191,A201,1
A12,39,A32,A43,15808,A61,A73,1,A93,A101,2,A123,30,A143,A152,1,A173,1,A192,A201,1
A12,24,A34,A40,4765,A61,A75,3,A93,A101,4,A124,48,A143,A153,2,A173,2,A191,A201,1
A11,8,A32,A40,1259,A61,A72,3,A92,A101,4,A121,23,A143,A151,1,A173,1,A191,A201,1
A11,55,A32,A43,5601,A61,A75,4,A93,A101,4,A124,43,A143,A153,1,A173,1,A191,A201,1
A11,12,A32,A42,2157,A61,A73,2,A93,A101,3,A121,22,A143,A152,1,A173,1,A191,A201,1
A12,42,A32,A43,9835,A61,A73,1,A93,A101,2,A123,30,A143,A152,2,A173,1,A192,A201,1
A12,26,A32,A49,11292,A61,A73,2,A92,A101,3,A123,28,A143,A152,2,A173,1,A192,A201,1
A11,24,A32,A40,2548,A61,A72,4,A92,A101,4,A121,33,A143,A151,1,A173,1,A191,A201,1
A11,14,A32,A40,1280,A61,A73,4,A93,A101,2,A123,23,A143,A152,1,A173,1,A191,A201,1
A11,29,A32,A40,2115,A61,A73,4,A92,A101,2,A123,24,A143,A152,1,A173,1,A191,A201,1
A12,6,A32,A40,968,A61,A72,1,A92,A101,1,A121,31,A143,A152,1,A173,1,A191,A201,1
A11,15,A32,A42,1570,A61,A73,4,A92,A101,1,A122,32,A143,A152,1,A173,1,A191,A201,1
A11,27,A32,A43,2541,A61,A72,4,A92,A101,4,A121,33,A143,A151,1,A173,1,A191,A201,1
A11,25,A32,A42,2846,A61,A72,3,A92,A101,4,A121,20,A143,A151,1,A173,1,A191,A201,1
A11,21,A32,A40,2708,A61,A72,4,A92,A101,4,A121,22,A143,A151,1,A173,1,A191,A201,1
A11,9,A32,A40,1109,A61,A72,4,A92,A101,4,A121,26,A143,A152,1,A173,1,A191,A201,1
A11,35,A32,A43,7377,A61,A73,4,A93,A101,2,A123,25,A143,A152,2,A173,1,A192,A201,1
A11,46,A32,A40,6789,A61,A75,3,A93,A101,4,A124,51,A143,A153,2,A173,2,A191,A201,1
A11,51,A32,A43,8608,A61,A73,3,A93,A101,2,A122,24,A143,A152,1,A173,1,A192,A201,1
A11,17,A32,A43,1945,A61,A73,2,A93,A101,2,A121,30,A143,A152,2,A173,1,A191,A201,1
A11,16,A32,A40,1107,A61,A72,4,A92,A101,3,A122,22,A143,A152,1,A173,1,A191,A201,1
A11,12,A32,A43,8616,A61,A75,4,A93,A101,4,A124,50,A143,A153,1,A173,1,A191,A201,1
A11,9,A32,A40,706,A61,A73,4,A93,A101,3,A123,27,A143,A152,1,A173,1,A191,A201,1
A11,12,A32,A40,2180,A61,A73,3,A93,A101,3,A123,60,A143,A152,2,A173,1,A191,A201,1
A11,27,A32,A46,1739,A61,A75,4,A93,A101,4,A124,37,A143,A152,1,A173,1,A191,A201,1
A11,36,A32,A42,5870,A61,A73,4,A93,A101,3,A123,29,A143,A152,1,A173,1,A192,A201,1
A12,24,A32,A40,1662,A61,A75,3,A93,A101,4,A123,28,A143,A152,1,A173,2,A191,A201,1
A11,29,A32,A40,8296,A61,A73,2,A93,A101,4,A124,50,A143,A152,2,A173,2,A191,A201,1
A11,58,A32,A43,6920,A61,A73,4,A92,A101,2,A123,25,A143,A152,1,A173,1,A191,A201,1
A11,20,A32,A40,1291,A61,A72,4,A92,A101,4,A121,30,A143,A152,1,A173,1,A191,A201,1
A11,18,A32,A42,3027,A61,A72,2,A93,A101,4,A123,38,A143,A152,1,A173,1,A191,A201,1
A12,9,A32,A40,1028,A61,A72,1,A92,A101,2,A123,28,A143,A152,1,A173,1,A191,A201,1
A11,12,A34,A40,1521,A61,A75,4,A93,A101,4,A124,53,A143,A153,2,A173,2,A191,A201,1
A11,27,A32,A42,7383,A61,A73,2,A93,A101,2,A123,27,A143,A152,2,A173,1,A191,A201,1
A11,25,A32,A49,7449,A61,A73,2,A93,A101,4,A123,38,A143,A151,2,A173,1,A192,A201,1
A11,41,A32,A42,8616,A61,A73,1,A92,A101,4,A123,32,A143,A152,1,A173,1,A191,A201,1
A12,35,A32,A49,5794,A61,A72,2,A92,A101,4,A123,28,A143,A151,1,A173,1,A191,A201,1
A11,19,A32,A40,1472,A61,A72,4,A92,A101,1,A121,26,A143,A152,1,A173,1,A191,A201,1
A11,30,A34,A40,2889,A61,A75,4,A93,A101,4,A124,42,A143,A153,2,A173,2,A191,A201,1
A11,16,A32,A40,3080,A61,A72,3,A92,A101,2,A121,31,A143,A152,2,A173,1,A191,A201,1
A11,18,A32,A40,941,A61,A72,4,A92,A101,1,A123,26,A143,A152,1,A173,1,A191,A201,1
A11,33,A32,A42,2632,A61,A72,4,A92,A101,4,A121,27,A143,A151,2,A173,1,A191,A201,1
A12,46,A32,A43,9509,A61,A73,1,A93,A101,2,A123,25,A143,A152,1,A173,1,A192,A201,1
A11,22,A32,A40,2842,A61,A72,4,A92,A101,4,A121,22,A143,A151,1,A173,1,A191,A201,1
A11,18,A32,A42,2160,A61,A73,4,A93,A101,3,A123,43,A143,A152,1,A173,1,A192,A201,1
A11,26,A32,A42,10898,A61,A73,2,A92,A101,3,A123,28,A143,A152,2,A173,1,A191,A201,1
A11,51,A32,A49,6240,A61,A75,4,A93,A101,4,A124,47,A143,A153,1,A173,1,A191,A201,1
A11,39,A32,A42,6140,A61,A72,2,A92,A101,4,A123,33,A143,A151,1,A173,1,A191,A201,1
A11,21,A32,A40,8590,A61,A75,2,A92,A101,4,A123,43,A143,A152,2,A173,1,A191,A201,1
A12,17,A32,A42,14859,A61,A73,1,A93,A101,2,A123,22,A143,A152,1,A173,1,A192,A201,1
A11,12,A32,A40,1671,A61,A73,3,A93,A101,3,A123,54,A143,A152,2,A173,1,A191,A201,1
A11,28,A34,A40,1733,A61,A75,4,A93,A101,4,A124,37,A143,A153,2,A173,2,A191,A201,1
A11,48,A32,A49,6186,A61,A75,4,A93,A101,4,A124,53,A143,A153,1,A173,1,A191,A201,1
A11,24,A30,A42,1375,A61,A73,1,A92,A101,4,A122,29,A143,A152,2,A173,1,A192,A201,1
A12,12,A32,A43,1739,A61,A73,2,A94,A101,1,A123,25,A143,A152,1,A173,1,A191,A201,1
A12,35,A32,A42,13524,A61,A73,4,A93,A101,2,A123,56,A143,A152,1,A174,1,A192,A201,1
A11,10,A32,A40,781,A61,A73,4,A93,A101,2,A123,25,A143,A152,1,A173,1,A191,A201,1
A11,18,A32,A42,3568,A61,A72,4,A93,A101,3,A123,36,A143,A152,1,A173,1,A192,A201,1
A11,10,A32,A40,1020,A61,A72,4,A92,A101,4,A121,25,A143,A151,1,A173,1,A191,A201,1
A11,36,A32,A42,3309,A61,A73,4,A92,A101,2,A123,28,A143,A152,1,A173,1,A191,A201,1
A11,30,A32,A40,2160,A61,A75,3,A93,A101,4,A124,41,A143,A153,1,A173,2,A191,A201,1
A11,35,A32,A42,6755,A61,A73,4,A93,A101,3,A123,29,A143,A152,1,A173,1,A192,A201,1
A11,17,A32,A43,1453,A61,A73,4,A93,A101,4,A124,47,A143,A152,1,A173,1,A191,A201,1
A11,29,A32,A40,3837,A61,A75,4,A93,A101,4,A124,46,A143,A153,1,A173,2,A191,A201,1
A12,30,A32,A43,3906,A61,A72,2,A93,A101,1,A122,33,A143,A152,2,A173,1,A191,A201,1
A11,19,A32,A40,2559,A61,A73,3,A92,A101,2,A123,23,A143,A152,1,A173,1,A191,A201,1
A11,19,A32,A40,1694,A61,A73,4,A92,A101,2,A123,32,A143,A152,1,A173,1,A191,A201,1
A12,18,A32,A43,2665,A61,A73,2,A93,A101,2,A121,31,A143,A152,2,A173,1,A191,A201,1
A11,14,A32,A40,11125,A61,A75,1,A93,A101,4,A123,60,A143,A151,1,A173,1,A192,A201,1
A11,23,A32,A40,1276,A61,A72,1,A92,A101,4,A123,28,A143,A152,2,A173,1,A191,A201,1
A11,25,A32,A42,4075,A61,A72,3,A92,A101,4,A123,27,A143,A152,1,A173,1,A191,A201,1
A12,34,A32,A43,2161,A61,A72,2,A93,A101,1,A121,24,A143,A152,2,A173,1,A191,A201,1
A11,43,A32,A43,6321,A61,A75,4,A93,A101,4,A124,36,A143,A153,1,A173,1,A191,A201,1
A12,26,A32,A43,6188,A61,A73,3,A93,A101,2,A123,26,A143,A152,2,A173,1,A192,A201,1
A12,26,A34,A40,4759,A61,A75,3,A93,A101,4,A124,52,A143,A153,2,A173,2,A191,A201,1
A11,13,A32,A40,1794,A61,A73,4,A92,A101,2,A123,24,A143,A152,1,A173,1,A191,A201,1
A11,20,A32,A40,854,A61,A73,4,A93,A101,2,A123,33,A143,A152,1,A173,1,A191,A201,1
A11,14,A32,A40,1969,A61,A73,3,A93,A101,3,A123,53,A143,A152,2,A173,1,A191,A201,1
A11,23,A32,A40,1929,A61,A73,4,A92,A101,4,A121,30,A143,A151,2,A173,1,A191,A201,1
A11,18,A32,A40,2074,A61,A73,4,A93,A101,2,A123,28,A143,A152,1,A173,1,A191,A201,1
A11,48,A32,A42,4442,A61,A72,3,A92,A101,4,A123,48,A143,A151,1,A173,1,A191,A201,1
